graph_node_id,stable_metadata_id,package_item_id,owner_internal_name,owner_display_name,owner_kind,field_internal_name,field_name,display_name,field_kind,type,type_graph_node_id,is_primary_key,is_required,is_system,relation_type_code,is_start_of_relation,reverse_property,evidence,source_path
1222,7d938005-608c-44f1-ae74-7a2ef0d394bc,17e708a9-a715-4743-a26a-48b3decc27aa,SupplierMgmt_CertRequirementObject,Certification Requirement,Record Object,AccpCriteriamet,AccpCriteriamet,Is Acceptance Criteria met?,Scalar,Yes/No,243,False,False,False,,,,Extracted,/GraphData/Items/226
2338,3925828c-24c5-46c2-81f1-4c2f73251f8e,eb41aa6a-33a5-477a-a103-9af707e3e4ae,SupplierMgmt_DocRequirementObject,Documentation Requirement,Record Object,AccpCriteriaMet,AccpCriteriaMet,Is Acceptance Criteria Met?,Scalar,Yes/No,243,False,False,False,,,,Extracted,/GraphData/Items/449
1033,10389de6-8637-4ccb-a681-311a7ccfd447,f0ab0a99-8eef-4dcf-a313-2ad2f42d51f7,SupplierMgmt_PublicProfileObject,Public Profile,Record Object,Address,Address,Supplier Address,Scalar,Text,70,False,False,False,,,,Extracted,/GraphData/Items/183
1211,6b5ba9c8-4a6a-43a6-9a67-601613bfa137,9f451b40-1290-4c8c-9da1-428f76a7ca04,SupplierMgmt_SupAbstractObject,Supplier Abstract,Record Object,Address,Address,Address,Scalar,Text,70,False,False,False,,,,Extracted,/GraphData/Items/223
1286,8a58a117-390e-418e-8548-1c459d00f38e,94149199-719a-4f9a-ac97-859f06b322a3,SupplierMgmt_SupplierContactObject,Supplier Contact,Record Object,AllowAccess,AllowAccess,Allow Access,Scalar,Yes/No,243,False,False,False,,,,Extracted,/GraphData/Items/248
1224,c7a29c35-53f2-4165-bc47-3e06fc24c630,0910801e-118a-438e-9926-41dc380076a8,SupplierMgmt_CertRequirementObject,Certification Requirement,Record Object,ApprovalDate,ApprovalDate,Approval Date,Scalar,Date,150,False,False,False,,,,Extracted,/GraphData/Items/227
2201,f99cbdad-cffa-48fd-a074-422424a3ba66,4fbd7662-f745-4bf5-8513-f06fa59f38ab,ProductMgmt_SupItemRevisionObject,Supplier Item Revision,Record Object,ApproveDecision,ApproveDecision,Approval Decision,Scalar,Yes/No,243,False,False,False,,,,Extracted,/GraphData/Items/396
232,800d45d9-a60b-49b1-89c4-4bdc8530c9da,ee738371-c9a0-4558-adb5-07ac68a1490e,SupplierMgmt_DocRequirementObject,Documentation Requirement,Record Object,Approver,,Approver,Reference,Employee,66,False,False,False,2,True,,Extracted,/GraphData/Items/60
739,80db732f-e637-417f-a94f-c5e20bc89ae5,fb0e3afd-d2fa-4b44-87a1-a52306a15001,SupplierMgmt_CertRequirementObject,Certification Requirement,Record Object,Approver,,Approver,Reference,Employee,66,False,False,False,2,True,,Extracted,/GraphData/Items/146/GraphData/Items/37
2928,a59bee10-b29b-407b-9a1a-4aee4841a4db,37d59cb8-8dda-4245-8a93-eca248c6e4e5,SupplierMgmt_CertRequirementObject,Certification Requirement,Record Object,ApproverId,ApproverID,Approver Id,Scalar,Guid,500,False,False,True,,,,Extracted,/GraphData/Items/630
726,b0b2d91c-9bbb-445b-8b15-47eb3538fd43,e6f04351-3fcb-4b3e-86d9-4b33f2fedcc1,SupplierMgmt_CertRequirementObject,Certification Requirement,Record Object,AssignedTo,,Assigned To,Reference,Supplier Contact,141,False,False,False,2,True,,Extracted,/GraphData/Items/146/GraphData/Items/28
2570,276f5dc2-905e-4416-ac46-e22e51ddcdc1,ff8d16ee-0a51-4ee0-9c6a-c75b110bf299,ComplyFramework_CARAbstractObject,CAR Abstract,Record Object,Assignee,,Assignee,Reference,Employee,66,False,True,False,2,True,,Extracted,/GraphData/Items/536/GraphData/Items/19
1530,fb6dea99-7d5c-4ee5-aa27-4b32e868b097,f074e0e4-196f-4a50-b518-78a1828dc2b7,ComplyFramework_CARAbstractObject,CAR Abstract,Record Object,AssigneeId,AssigneeId,Assignee Id,Scalar,Guid,500,False,True,True,,,,Extracted,/GraphData/Items/305
2925,a71a81f3-4fe4-46d8-ae9a-e65604933628,d5a1332a-4d5b-48f9-abfb-a45ec5cd786d,ProductMgmt_AttributeValueObject,Attribute Value,Record Object,Attribute,,Attribute,Reference,Attribute,1450,False,False,False,2,True,,Extracted,/GraphData/Items/629
2909,aedd952d-04a5-4b65-9044-7ce2a61ae39e,eb82fe3d-47d0-446f-a2df-caa3cc4a1107,ProductMgmt_SupItemAttrValObject,Supplier Item Attribute Value,Record Object,AttributeGUID,AttributeGUID,Attribute GUID,Scalar,GUID,3047,False,False,False,,,,Extracted,/GraphData/Items/623
980,ee570b51-f3c3-46ef-b901-8cc22a2503e7,95f90df1-b017-470c-bcdc-17509b2db375,ProductMgmt_ItemRevisionObject,Item Revision,Record Object,AttributeValues,,Attribute Values,Reference,Attribute Value,986,False,False,False,2,False,ItemRevision,Extracted,/GraphData/Items/168
2246,df7cbb13-e53a-4c4d-8594-f6f78e3d43ad,659a010c-2595-4688-a142-45ae071b0adf,SupplierMgmt_AuditHistoryObject,Audit History,Record Object,AuditDate,AuditDate,Audit Date,Scalar,Date,150,False,True,False,,,,Extracted,/GraphData/Items/418
260,35907afd-5a46-459e-b4e9-969a1a664df6,68c2ad3a-80d0-41d2-b243-09886ea9695a,SupplierMgmt_CertRequirementObject,Certification Requirement,Record Object,AuditDueDate,AuditDueDate,Audit Due Date,Scalar,Date,150,False,False,False,,,,Extracted,/GraphData/Items/72
2810,36e32082-b0cd-4193-b08a-560941bc4e75,9c54ce28-9693-4f25-b8f3-888fa33f492e,SupplierMgmt_CertRequirementObject,Certification Requirement,Record Object,AuditHistories,,AuditHistories,Reference,Audit History,40,False,False,False,2,False,CertReq,Extracted,/GraphData/Items/583
2261,06bfa9fe-985b-4a76-9c1c-45be959000ae,8630c79f-2f39-46df-aed4-46211cbd566c,SupplierMgmt_FacilityObject,Supplier Facility,Record Object,AvgGnSScore,AvgGnSScore,Average Goods & Service Score,Scalar,Decimal,2263,False,False,False,,,,Extracted,/GraphData/Items/421
3011,a56a641e-d5d3-4753-8f3c-3915dc35714a,4350a90f-f63b-4a32-8817-c5b24e96de05,FragApplication_AbsLookupValueObject,Abstract Lookup Value,Record Object,BGColor,,Background-color,Reference,Color,1322,False,False,False,2,True,,Extracted,/GraphData/Items/661
2214,016ed56f-5638-495b-a8ce-bbc43ae7d5ef,a8a4d3b5-bd42-4900-9d12-6a8e026a00ff,ProductMgmt_SupItemRevisionObject,Supplier Item Revision,Record Object,Cancelled,Cancelled,Cancelled,Scalar,Yes/No,243,False,False,False,,,,Extracted,/GraphData/Items/402
2516,5fbc4740-9451-4ea0-aa6a-15fb36459f33,705d70bb-ffe2-47c7-8de6-64cc0fe45b53,FragApplication_AbsLookupValueObject,Abstract Lookup Value,Record Object,Caption,Caption,Caption,Scalar,Text,70,False,False,False,,,,Extracted,/GraphData/Items/524
1452,63d98207-943f-4bb5-8014-9a656b1d9a11,11661899-e16a-4621-b65e-c294744409bc,SupplierMgmt_SupplierItemObject,Provisioned Good/Service,Record Object,Category,,Category,Reference,Good/Service Category,2310,False,False,False,2,True,,Extracted,/GraphData/Items/277
2306,01af26f3-b217-4141-a2c9-ec1e54445df2,2c9c0989-16e0-4be4-a864-4c68a91a58c1,ProductMgmt_ItemObject,Item,Record Object,Category,,Item Category,Reference,Good/Service Category,2310,False,True,False,2,True,PMItems,Extracted,/GraphData/Items/436
2967,26a59d4a-e9fc-47a4-870f-ebf4fd19d834,0916d482-b6a2-41e7-a906-b65aae36d7e9,ProductMgmt_SupplierItemObject,Supplier Item,Record Object,Category,,Category,Reference,Good/Service Category,2310,False,False,False,2,True,,Extracted,/GraphData/Items/644
3036,36c6351c-86d9-4de6-8cf9-030f52829e33,f85e41ad-da9a-4d24-beee-d57d19bc795b,SupplierMgmt_ItemObject,Good/Service,Record Object,Category,,Category,Reference,Good/Service Category,2310,False,True,False,2,True,Items,Extracted,/GraphData/Items/672
3004,85c73f9c-5d40-4b5c-bb47-f0b536c41d58,36b0404a-087f-482c-8282-b942307f72f6,SupplierMgmt_CertLibraryObject,Certification,Record Object,CertCategory,,Certification Category,Reference,Certification Category,1564,False,False,False,,True,Certificates,Extracted,/GraphData/Items/658
471,30a1bdc7-277a-4130-9783-7987f3cda42b,61a3b247-ce2f-4594-9a79-0b9af5c91154,SupplierMgmt_CertRequirementObject,Certification Requirement,Record Object,Certificate,,Certification,Reference,Certification,475,False,True,False,2,True,CertReqs,Extracted,/GraphData/Items/87
1439,a213acbc-2123-4965-bd3c-a7d29e327079,7dfe6ffb-32ef-4660-9208-2e7693e88277,SupplierMgmt_CertRequirementObject,Certification Requirement,Record Object,CertificateId,CertificateID,Certification Id,Scalar,Guid,500,False,True,True,,,,Extracted,/GraphData/Items/272
2862,9c841a27-5aa6-4f47-880c-4609f1d8f2e8,75b54585-c923-40e2-bc19-91b8e7199e1d,SupplierMgmt_CertCategoryObject,Certification Category,Record Object,Certificates,,Certificates,Reference,Certification,475,False,False,False,2,False,CertCategory,Extracted,/GraphData/Items/603
1443,a96e856f-8a69-4f92-953e-d02ed91a29ab,dc196711-511e-4395-b349-bb321d977a5f,SupplierMgmt_CertLibraryObject,Certification,Record Object,CertificationID,CertificationID,ID,Scalar,Text,70,False,True,False,,,,Extracted,/GraphData/Items/274
1513,c8b4eae7-093e-4556-9190-8237daf10ba4,cafdff45-d74c-4180-a00d-774f65b0cfa1,SupplierMgmt_FacProfileObject,Facility Profile,Record Object,Certifications,,Certifications,Reference,Certification,475,False,False,False,,True,FacProfiles,Extracted,/GraphData/Items/298
541,489fdf3f-4ffa-4970-803c-9c3ac78fd749,79d02d65-0ee2-4d28-9efb-518ff77a14f6,SupplierMgmt_AuditHistoryObject,Audit History,Record Object,CertifiedOn,CertifiedOn,Date Certified,Scalar,Date,150,False,False,False,,,,Extracted,/GraphData/Items/114
1635,967008c8-628d-4380-9b4f-a3f382e47ba5,f93219d8-72c2-4a61-b5d4-3e1516e61a1a,SupplierMgmt_CertRequirementObject,Certification Requirement,Record Object,CertNotRequired,CertNotRequired,Certification Not Required,Scalar,Yes/No,243,False,False,False,,,,Extracted,/GraphData/Items/341
2930,d633bda2-a4e0-4e74-89f0-1e9c413cb29c,c0e1d151-d5f3-4dc0-ae95-d9318a1ebfa5,SupplierMgmt_AuditHistoryObject,Audit History,Record Object,CertReq,,Certification,Reference,Certification Requirement,46,False,False,False,,True,AuditHistories,Extracted,/GraphData/Items/631
1233,f9635ea5-f934-4770-a678-b20a58ab83b1,8fd917e4-b774-48c4-8944-21f158ddd355,SupplierMgmt_SupAbstractObject,Supplier Abstract,Record Object,CertReqs,,Certification Requirements,Reference,Certification Requirement,46,False,False,False,2,False,SupplierAbs,Extracted,/GraphData/Items/229
2992,22d39a3c-e319-4af8-b99e-937ed9c289a0,fba2e150-2ab9-4971-82e9-b431e04a9094,SupplierMgmt_CertLibraryObject,Certification,Record Object,CertReqs,,Certification Requirements,Reference,Certification Requirement,46,False,False,False,,False,Certificate,Extracted,/GraphData/Items/654
1891,6646c36d-43fa-4c6d-8ab7-525aab36e7bc,25e1bfc0-0970-4adb-a636-4d2ef6c8d37b,SupplierMgmt_SupAbstractObject,Supplier Abstract,Record Object,City,City,City,Scalar,Text,70,False,True,False,,,,Extracted,/GraphData/Items/373
2240,e1f26c3c-8fc5-42a9-916f-6b41adc8908b,a2813847-25c0-4ffa-a276-f12803c9fdb6,ProductMgmt_SupItemRevisionObject,Supplier Item Revision,Record Object,CloseWF,CloseWF,CloseWF,Scalar,Yes/No,243,False,True,False,,,,Extracted,/GraphData/Items/414
2296,b29f74e4-f65e-415d-a094-5c9ea1b03303,91ddcc27-938a-4fa6-b396-4a953c533345,FragApplication_ProductObject,Product Abstract,Record Object,Code,Code,Product Code,Scalar,Text,70,False,False,False,,,,Extracted,/GraphData/Items/433
2203,792fbb07-0b44-4b79-ba2f-966983a5f09c,c6684dc8-a64d-4d4f-8f9f-e6812c02047f,ProductMgmt_SupItemRevisionObject,Supplier Item Revision,Record Object,Comment,Comment,Comment,Scalar,Text,70,False,False,False,,,,Extracted,/GraphData/Items/397
1324,ce71d5f4-f71a-473e-aaa8-845e27473be8,933b3540-ffb7-4875-90be-2b045c680578,SupplierMgmt_CertRequirementObject,Certification Requirement,Record Object,Comments,Comments,Comments,Scalar,Text,70,False,False,False,,,,Extracted,/GraphData/Items/264
1568,c9726c4f-0fc3-4a26-a926-da06a842a4af,f66ec4fc-b91b-4da7-8852-f8ca7f69d30a,SupplierMgmt_SupEvaluationObject,Supplier Evaluation,Record Object,Comments,Comments,Comments,Scalar,Text,70,False,False,False,,,,Extracted,/GraphData/Items/319
2448,c8541eb9-6877-4b5f-9f16-f69713c08294,fbdef6a8-200c-4f60-a80f-e1447d3d1326,SupplierMgmt_DocRequirementObject,Documentation Requirement,Record Object,Comments,Comments,Comments,Scalar,Text,70,False,False,False,,,,Extracted,/GraphData/Items/492
2173,6d198078-e669-4abe-84a6-7480533754ce,7f4ab4ca-8029-48a1-b9bb-458b666f1509,ProductMgmt_SupItemRevisionObject,Supplier Item Revision,Record Object,Comments,,Comments,Reference,Approval Comments,1602,False,False,False,2,False,SupItemRevision,Extracted,/GraphData/Items/388
1598,26c00999-89ba-4d15-9590-f97734dfc7cd,f53e4040-a495-47d1-94d4-3bd5f92dc3f5,ProductMgmt_SupItemRevisionObject,Supplier Item Revision,Record Object,CommentsAdd,,Comments Add,Reference,Approval Comments,1602,False,False,False,2,True,SuppRevisionAdd,Extracted,/GraphData/Items/330
1027,db4949c3-bfd3-466b-8154-c29c1804d66a,48f95fd9-12f1-4014-9b09-bdadf5a6e31d,SupplierMgmt_PublicProfileObject,Public Profile,Record Object,Components,,Components,Reference,Component,50,False,False,False,,False,PublicProfile,Extracted,/GraphData/Items/181
1255,b1438c01-f8af-45bf-bccf-b8f709cba1af,a0b87446-d241-40eb-8964-266ed835936a,SupplierMgmt_SupplierItemObject,Provisioned Good/Service,Record Object,Components,,Components,Reference,Component,50,False,False,False,,False,SupItem,Extracted,/GraphData/Items/237
502,b76afeab-d0f4-41d8-a572-fbb880d544f2,18cc4816-d9c5-4295-9a8e-0ed4b3fb0c3a,ProductMgmt_SupplierItemObject,Supplier Item,Record Object,CompPP,,Company,Reference,Public Profile,48,False,True,False,2,True,SupplierItems,Extracted,/GraphData/Items/99
1249,367a5a47-3b4d-4f0f-93a3-6b07fa16b372,f4c4e780-eded-44c7-a871-33f254fa397a,ProductMgmt_SupItemRevisionObject,Supplier Item Revision,Record Object,CompPP,,Supplier,Reference,Public Profile,48,False,False,False,2,True,,Extracted,/GraphData/Items/235
1247,0e058007-da20-4869-97d4-e9f1821b5caa,0266ee78-9792-4543-b891-2568fe6fdd77,ProductMgmt_SupItemRevisionObject,Supplier Item Revision,Record Object,CompPPID,CompPPID,Supplier Id,Scalar,Guid,500,False,False,True,,,,Extracted,/GraphData/Items/234
1927,c5f2e607-b1b2-4c86-9724-2c9eddfd697a,058e2592-d366-4bc0-b0a4-d003d66ef068,ProductMgmt_SupItemRevisionObject,Supplier Item Revision,Record Object,CreatAttValHelp,CreatAttValHelp,Create Attribute Values Helper,Scalar,Yes/No,243,False,False,False,,,,Extracted,/GraphData/Items/385
2561,b60e8985-feaf-4bb5-b601-11fda4bec80b,b6be2ed0-68d0-4935-9b33-f794c39f099a,ComplyFramework_CARAbstractObject,CAR Abstract,Record Object,CreateBy,,Reported By,Reference,Employee,66,False,False,False,2,True,,Extracted,/GraphData/Items/536/GraphData/Items/8
26,f1d41dd5-3eb6-4ada-9256-324a64cf4f53,f3d5acb0-e28e-4294-b614-fe8410ecca6b,SupplierMgmt_SupAbstractObject,Supplier Abstract,Record Object,CreatedBy,,Created By,Reference,Employee,66,False,True,True,2,True,,Extracted,/GraphData/Items/0/GraphData/Items/6
1957,dab8194a-8695-4abe-bd06-da65ce76d0eb,a84ce375-cbec-436a-b5cd-4efd85befde5,ProductMgmt_SupItemRevisionObject,Supplier Item Revision,Record Object,CreatedBy,,Created By,Reference,Employee,66,False,True,True,2,True,,Extracted,/GraphData/Items/386/GraphData/Items/15
547,0302c23c-f899-488f-b1ba-a1223b5751dd,1129660c-45c2-47ce-99d2-8772dcd68c58,SupplierMgmt_ComponentObject,Component,Record Object,CreateNewSup,CreateNewSup,Create a new Supplier,Scalar,Yes/No,243,False,False,False,,,,Extracted,/GraphData/Items/117
1043,a3eca64e-66cb-49c0-8353-ec6f4276bb48,31821b18-005e-47f0-853c-f686dc9ec090,SupplierMgmt_PublicProfileObject,Public Profile,Record Object,CreateRevision,CreateRevision,Create Revision,Scalar,GUID,3047,False,False,False,,,,Extracted,/GraphData/Items/187
2945,16f27705-9369-4b09-b11e-21ea9ca9aff6,7081e3be-75a3-4d76-b4c1-a5ee09bcf771,FragApplication_AbsLookupValueObject,Abstract Lookup Value,Record Object,CSS,CSS,CSS,Scalar,Text,70,False,False,False,,,,Extracted,/GraphData/Items/637
1909,4e4aace8-8a08-4ee0-9b12-bf283551ec49,ee4ef113-31d7-4312-8c2b-804a6233be5b,ProductMgmt_SupItemRevisionObject,Supplier Item Revision,Record Object,CurItemRevision,,Current Item Revision,Reference,Item Revision,984,False,False,False,2,True,CurrSuppRevs,Extracted,/GraphData/Items/382
1326,9465f8ed-e078-43b9-a76e-bbf732a57708,3e203232-519d-4746-9f39-2b9950c8283d,ProductMgmt_SupItemRevisionObject,Supplier Item Revision,Record Object,CurrentRevHelp,CurrentRevHelp,Current Revision Helper,Scalar,Yes/No,243,False,False,False,,,,Extracted,/GraphData/Items/265
1993,2cb3bbdf-ba72-4364-836d-bc907bb5b2a6,5a9ae457-e171-4b78-9030-a684f02b7103,ProductMgmt_ItemObject,Item,Record Object,CurrentRevision,,Current Revision,Reference,Item Revision,984,False,False,False,2,True,,Extracted,/GraphData/Items/386/GraphData/Items/33
2870,b54884c8-811a-4e63-be06-c61c0ef5feb4,aa5b5590-1526-4515-ada7-9c65844a75b8,ProductMgmt_ItemObject,Item,Record Object,CurrentRevisionID,CurrentRevisionID,Current Revision Id,Scalar,Guid,500,False,False,True,,,,Extracted,/GraphData/Items/606
2319,3d6d06e9-f939-4570-8a50-96e2b0cf2e0c,157f80d0-2d47-4739-ae4f-e3c94eeea4ac,SysWorkflowInstanceEntity,Workflow Instance,Record Object,CurrentStage,,Current Stage,Reference,Workflow Stage,1865,False,False,False,2,True,,Extracted,/GraphData/Items/441
152,7eeaa9f8-01b9-4d88-8f09-11d6af615a22,067bec85-70b7-4c4d-8a6a-01ed1804aa0e,SupplierMgmt_PublicProfileObject,Public Profile,Record Object,Customers,,Customers,Reference,Supplier Relationship,156,False,False,False,2,False,Supplier,Extracted,/GraphData/Items/32
176,86e700ea-c181-4a65-8b62-8cd58f685b00,440aec5d-4f3d-46fa-9091-02f5bc348a74,ProductMgmt_SupItemRevisionObject,Supplier Item Revision,Record Object,DateApproved,DateApproved,Date Approved,Scalar,Date,150,False,False,False,,,,Extracted,/GraphData/Items/42
1539,e24fdca2-f25d-4878-8b79-890a1e826c73,4b6786f9-78dd-4da7-9ddc-373d8761c705,SupplierMgmt_DocRequirementObject,Documentation Requirement,Record Object,DateApproved,DateApproved,Date Approved,Scalar,Date,150,False,False,False,,,,Extracted,/GraphData/Items/309
2837,1b615047-de20-47bd-a29c-756d767c35b9,31f825c0-5818-4c09-a0c0-ad522ba3f030,SupplierMgmt_CertRequirementObject,Certification Requirement,Record Object,DateCancelled,DateCancelled,Date Cancelled,Scalar,Date,150,False,False,False,,,,Extracted,/GraphData/Items/592
2421,13b73117-8f6b-43f2-ad74-9c636bf49f86,971de5d4-a31a-4c8f-a3e8-cc322be8f1f4,SupplierMgmt_SupAbstractObject,Supplier Abstract,Record Object,DateClosed,DateClosed,Date Closed,Scalar,Date,150,False,False,False,,,,Extracted,/GraphData/Items/481
2728,3c216669-cb9e-48d0-9546-948264a04583,e5c74bd1-c8de-4a6a-a5da-74f455dc1917,ComplyFramework_CARAbstractObject,CAR Abstract,Record Object,DateCreate,DateCreate,Date Reported,Scalar,Date,150,False,False,False,,,,Extracted,/GraphData/Items/566
2828,a1a829e0-1349-499c-a3c9-f7f51798a1f8,e0ff151d-a82a-4eb8-b4f1-9777f0c78b4f,SysWorkflowInstanceEntity,Workflow Instance,Record Object,DateNotRequired,DateNotRequired,Date Not Required,Scalar,Date,150,False,False,False,,,,Extracted,/GraphData/Items/588
2340,683a8c93-590e-46dc-9bbf-05a1595b78a6,eb72e2c9-123a-4099-bc39-677443b7f959,SupplierMgmt_DocRequirementObject,Documentation Requirement,Record Object,DateSigned,DateSigned,Date Signed,Scalar,Date,150,False,False,False,,,,Extracted,/GraphData/Items/450
617,c697f231-38a9-4533-90a6-0ee4bc27937f,5821807c-3dfc-499d-a178-18827cf7a67e,SupplierMgmt_SupConResponsibObject,Supplier Contact Responsibilities,Record Object,Description,Description,Description,Scalar,Text,70,False,False,False,,,,Extracted,/GraphData/Items/139
1516,19046bc0-6f3a-4428-bfa8-ca53991da7d2,0dd9d8b4-f05a-4a18-9105-493908a8717a,SupplierMgmt_FacProfileObject,Facility Profile,Record Object,Description,Description,Description,Scalar,Text,70,False,False,False,,,,Extracted,/GraphData/Items/299
1873,6a70f13f-7c79-4c8c-89e7-cefbb0a2995b,46e69921-f460-4fef-9447-41a1c361cd40,ProductMgmt_SupItemRevisionObject,Supplier Item Revision,Record Object,Description,Description,Description,Scalar,Text,70,False,False,False,,,,Extracted,/GraphData/Items/365
2354,c5a20c33-8069-411b-80c7-003f64df8c56,fd9ab885-6bbe-4bae-a2ab-532d0b0d9496,FragApplication_AbsLookupValueObject,Abstract Lookup Value,Record Object,Description,Description,Description,Scalar,Text,70,False,False,False,,,,Extracted,/GraphData/Items/454
2752,ace538b9-ede2-41ba-bfda-84e50afc6e5c,fd6867b8-782f-47bb-8349-7deff94064d7,SupplierMgmt_CertLibraryObject,Certification,Record Object,Description,Description,Description,Scalar,Text,70,False,False,False,,,,Extracted,/GraphData/Items/577
3014,1070a43e-ada2-4eb7-8282-e7231a58daee,64f1cce2-8f0e-46db-8114-bd12424d6ca1,FragApplication_ProductObject,Product Abstract,Record Object,Description,Description,Description,Scalar,Text,70,False,False,False,,,,Extracted,/GraphData/Items/662
3079,593a339d-c2c0-47aa-bf69-1c76a2dfaede,47c714ee-0c17-4b70-b230-f376323e8602,SupplierMgmt_DocLibraryObject,Documentation,Record Object,Description,Description,Description,Scalar,Text,70,False,False,False,,,,Extracted,/GraphData/Items/689
2199,6e6cdc27-ca7d-40b3-9917-a25613def91a,8b84bbc5-9f26-4fa9-ab10-9623fe464c2a,ProductMgmt_SupItemRevisionObject,Supplier Item Revision,Record Object,DisplayField,DisplayField,Display Field,Scalar,Text,70,False,False,False,,,,Extracted,/GraphData/Items/395
2468,66f78e6b-4a21-4d38-85dc-196cdcea9586,28cad1cc-0b71-4dae-b59d-874dd7493c54,SupplierMgmt_DocRequirementObject,Documentation Requirement,Record Object,DisplayField,DisplayField,Display Field,Scalar,Text,70,False,False,False,,,,Extracted,/GraphData/Items/502
2841,11afd226-3442-48bc-8c46-9a672656b074,8db6497d-20ee-463f-8330-db0a05c4d450,SupplierMgmt_CertRequirementObject,Certification Requirement,Record Object,DisplayField,DisplayField,Display Field,Scalar,Text,70,False,False,False,,,,Extracted,/GraphData/Items/594
1857,bbf96eb4-6c00-4ee1-a654-1c71c0bc4b95,57b10607-5d65-4567-aa4d-907529ebd17e,SupplierMgmt_ParentCompnyObject,Supplier Parent Company,Record Object,DnBNumber,DnBNumber,D&B Number,Scalar,Text,70,False,False,False,,,,Extracted,/GraphData/Items/357
2442,b68a955a-2ea9-40e3-8bd6-f197ad42939f,0a1d57a2-5318-4932-93fe-58ff0ebae519,SupplierMgmt_DocLibraryObject,Documentation,Record Object,DocCategory,,Documentation Category,Reference,Documentation Category,1470,False,False,False,2,True,Documents,Extracted,/GraphData/Items/490
2425,32a22ffa-5cdf-4885-b34b-f5f135a2dc4a,34cb3bdf-9f69-45b6-9038-bd626d585883,SupplierMgmt_SupAbstractObject,Supplier Abstract,Record Object,DocReqs,,Documentation Requirements,Reference,Documentation Requirement,44,False,False,False,2,False,SupplierAbs,Extracted,/GraphData/Items/483
3061,f4ace2fd-a309-4647-8fb2-6a3732d8d792,607c6be7-f7a2-4410-89db-d7ce90732f58,SupplierMgmt_DocLibraryObject,Documentation,Record Object,DocReqs,,Documentation Requirements,Reference,Documentation Requirement,44,False,False,False,,False,Document,Extracted,/GraphData/Items/681
994,bf0055c4-fb31-4363-8948-bafe5fd147e8,0f18fb32-5535-4c06-8193-53d2f93e1c66,SupplierMgmt_DocRequirementObject,Documentation Requirement,Record Object,Document,,Document,Reference,Documentation,1193,False,True,False,2,True,DocReqs,Extracted,/GraphData/Items/173
340,487ea4f8-3a57-4992-8192-1f667ccb1e14,5caa5153-9903-47fc-a9b4-3aaafc56e44e,SupplierMgmt_DocRequirementObject,Documentation Requirement,Record Object,DocumentDueDate,DocumentDueDate,Document Due Date,Scalar,Date,150,False,False,False,,,,Extracted,/GraphData/Items/77/GraphData/Items/22
2367,3c84d53b-e709-4b32-9249-4de2170f694b,f888af90-d808-49b2-81ff-5c1a600643e3,SupplierMgmt_DocLibraryObject,Documentation,Record Object,DocumentID,DocumentID,ID,Scalar,Text,70,False,True,False,,,,Extracted,/GraphData/Items/459
2805,abbd1f7c-bfee-410f-90bd-2fc86014150d,2ff88231-bbb2-4bd8-8116-82d6fe850543,SupplierMgmt_DocCategoryObject,Documentation Category,Record Object,Documents,,Documents,Reference,Documentation,1193,False,False,False,,False,DocCategory,Extracted,/GraphData/Items/581
2244,e4998719-4187-4bb5-946d-268882a2557b,b89e4e9a-cef8-49e4-990b-bf22589f401f,SysWorkflowInstanceEntity,Workflow Instance,Record Object,DueDate,DueDate,Due Date,Scalar,Date and Time,3016,False,False,False,,,,Extracted,/GraphData/Items/417
2472,7c7ee42e-299e-477f-a722-94e34a44f7c5,0bcdd85e-afb1-4849-b734-bdc30e8f9964,SupplierMgmt_DocRequirementObject,Documentation Requirement,Record Object,EffectiveDate,EffectiveDate,Effective Date,Scalar,Date,150,False,False,False,,,,Extracted,/GraphData/Items/503
2577,49ae4d7f-6204-4781-994e-71d03edc3634,2bb18850-5685-4b88-a16b-e110caeed25c,ComplyFramework_CARAbstractObject,CAR Abstract,Record Object,EffectReviewLog,,Effectiveness Review Log,Reference,Effectiveness Review Log,628,False,False,False,2,False,CAR,Extracted,/GraphData/Items/536/GraphData/Items/23
2533,7693bd0f-624b-4b9d-86f8-de13e9a5836c,01bc7473-60b0-4c09-b7a6-c8ec11047cd5,SupplierMgmt_SupplierContactObject,Supplier Contact,Record Object,Email,Email,Email,Scalar,Email,2742,False,False,False,,,,Extracted,/GraphData/Items/532
143,d1cb9b41-5dad-493e-b527-a11e4bd4de5e,136ae509-387f-498a-9ba8-01a4dac1771d,SupplierMgmt_SupplierContactObject,Supplier Contact,Record Object,Employee,,Employee,Reference,Employee,66,False,False,False,2,True,,Extracted,/GraphData/Items/28
1534,9be36bd7-37e8-4920-9402-45bd5d7def8a,68408d1e-a264-4b86-bf35-aef7c9540553,SupplierMgmt_SupplierContactObject,Supplier Contact,Record Object,EmployeeHelper,,Employee Helper,Reference,Employee,66,False,False,False,2,True,,Extracted,/GraphData/Items/307
1241,94f09565-32cc-4629-a9a7-e5898b61dd7b,1475076b-1389-4049-b5dd-23ba92253944,SupplierMgmt_SupplierContactObject,Supplier Contact,Record Object,EmployeeId,EmployeeID,Employee Id,Scalar,Guid,500,False,False,True,,,,Extracted,/GraphData/Items/231
2947,5814f381-5ff0-45f7-8af6-35712e680de5,6fa798bb-0a69-4144-ac82-abf69cdea6cf,SysWorkflowInstanceEntity,Workflow Instance,Record Object,EntityName,EntityName,Entity Name,Scalar,Text,70,False,False,False,,,,Extracted,/GraphData/Items/638
1579,f354a726-9841-483c-a551-e40d6bdafa86,036e68ae-3aa7-404f-9864-ce416ee6c417,SupplierMgmt_SupEvaluationObject,Supplier Evaluation,Record Object,EvalDescription,EvalDescription,Evaluation Description,Scalar,Text,70,False,True,False,,,,Extracted,/GraphData/Items/324
1572,74a67bf5-99de-46f9-983f-ca4a4757aecc,787fa14d-4bcc-464c-b52a-c5ed6eac8b11,SupplierMgmt_SupEvaluationObject,Supplier Evaluation,Record Object,EvaluatedBy,,Evaluated By,Reference,Employee,66,False,True,False,2,True,,Extracted,/GraphData/Items/321
1575,debf3cc0-1305-47e8-909c-41fe562271e6,2d9108ed-bc5a-4ca2-8401-f5ac19e8f760,SupplierMgmt_SupEvaluationObject,Supplier Evaluation,Record Object,EvaluationDate,EvaluationDate,Evaluation Date,Scalar,Date,150,False,True,False,,,,Extracted,/GraphData/Items/322
543,cd0c144a-f035-4bed-a6d4-0632de6deed4,b4f7d06f-257a-449c-b8f6-e0fc2e077236,SupplierMgmt_AuditHistoryObject,Audit History,Record Object,ExpirationDate,ExpirationDate,Expiration Date,Scalar,Date,150,False,False,False,,,,Extracted,/GraphData/Items/115
2474,107a42fe-e97b-44d2-97d4-5763c08ca297,eccc16d0-a493-482a-a7b3-8ff934565a60,SupplierMgmt_DocRequirementObject,Documentation Requirement,Record Object,ExpirationDate,ExpirationDate,Expiration Date,Scalar,Date,150,False,False,False,,,,Extracted,/GraphData/Items/504
1851,97e32a44-f471-4bcc-ad65-b95e7cde55ba,779c7344-da4c-45f4-9fee-d8e382feddeb,SupplierMgmt_ParentCompnyObject,Supplier Parent Company,Record Object,Facilities,,Facilities,Reference,Supplier Facility,20,False,False,False,2,False,ParentCompany,Extracted,/GraphData/Items/355
3020,6139edbb-8838-453b-a7a8-96b5f64fae06,6c6dc199-c135-450a-99b8-fc8d12064517,SupplierMgmt_FacilityObject,Supplier Facility,Record Object,FacilityScore,FacilityScore,Facility Score,Scalar,Float,1245,False,False,False,,,,Extracted,/GraphData/Items/665
2821,a309daf0-2ef0-4ffc-a9d6-0610bfc0a4ae,e4488336-d355-4e9a-983e-8a3d3d0bd814,SupplierMgmt_FacilityObject,Supplier Facility,Record Object,FacilityType,,Facility Type,Reference,SupplierMgmt_FacilityType,2824,False,True,False,2,True,,Extracted,/GraphData/Items/585
254,56e4e890-519e-4a43-a6a5-bc962d4a5242,2678701c-be6e-4d7f-9a71-098322b1ae5c,SupplierMgmt_FacilityObject,Supplier Facility,Record Object,FacProfiles,,Facility Profiles,Reference,Facility Profile,258,False,False,False,3,True,SupFacilities,Extracted,/GraphData/Items/70
486,11e6425b-af5c-474b-a9a2-03bc551456af,139b0319-46cf-48b4-8067-0d790d43d779,SupplierMgmt_CertLibraryObject,Certification,Record Object,FacProfiles,,Facility Profiles,Reference,Facility Profile,258,False,False,False,3,False,Certifications,Extracted,/GraphData/Items/93
1307,3e00721b-787a-4830-b914-bf1fe42fd0df,d2a1aa67-8338-4ce0-9c2b-285c1304041b,SupplierMgmt_SupAbstractObject,Supplier Abstract,Record Object,FaxNo,FaxNo,Fax No.,Scalar,Text,70,False,False,False,,,,Extracted,/GraphData/Items/256
2327,1f59524c-b6a9-4994-b271-862a7fd71b79,cafe58e2-3b67-4863-8edc-506ff52df74c,SupplierMgmt_AuditHistoryObject,Audit History,Record Object,Findings,Findings,Findings,Scalar,Text,70,False,False,False,,,,Extracted,/GraphData/Items/445
1296,2ad5d28c-e2a6-48d6-9e3e-dfb9b6992f83,2b585bb2-e466-41d3-bd8e-61d311d35f0b,SysEmployeeEntity,Employee,Record Object,FirstName,FirstName,First Name,Scalar,Text,70,False,True,False,,,,Extracted,/GraphData/Items/252
1300,f0dfa612-f330-466d-99c4-8a580a6530b5,00c23d7a-3f34-45f9-a48f-b31a7d587d34,SupplierMgmt_SupplierContactObject,Supplier Contact,Record Object,FirstName,FirstName,First Name,Scalar,Text,70,False,False,False,,,,Extracted,/GraphData/Items/254
2458,0d118e56-0897-4c35-b37b-7f24d6038838,ee7ca7fb-da4a-4b25-a2d7-efad2f6ab867,SupplierMgmt_DocRequirementObject,Documentation Requirement,Record Object,Frequency,Frequency,Frequency,Scalar,Text,70,False,False,False,,,,Extracted,/GraphData/Items/497
1298,2961dfbd-15de-416c-a793-352b7ba1d611,a6d1f61d-105f-423f-a52d-443dd66c613d,SysEmployeeEntity,Employee,Record Object,FullName,FullName,Full Name,Scalar,Text,70,False,True,False,,,,Extracted,/GraphData/Items/253
1302,5c15b49e-33d4-4e86-97f4-b819ba8852ee,d49b1c17-5c48-4fae-bda5-c5cc7e1c6a90,SupplierMgmt_SupplierContactObject,Supplier Contact,Record Object,FullName,FullName,Full Name,Scalar,Text,70,False,False,False,,,,Extracted,/GraphData/Items/255
508,26f17bd5-ecf0-4a67-8ada-0afb4f99fba5,f8fe4c3b-ef00-4338-b39f-0f6243062a36,SupplierMgmt_SupAbstractObject,Supplier Abstract,Record Object,Geography,,Province/State,Reference,Geography,512,False,True,False,2,True,Suppliers,Extracted,/GraphData/Items/101
2322,3ea6f97a-6f78-4673-a6c3-830ccd73769f,22881cc1-40b4-4d2e-8f30-71f1d52ad9e0,CAR_SCARObject,SCAR,Record Object,HelperAssignee,,Assignee Create Helper,Reference,Employee,66,False,True,False,2,True,,Extracted,/GraphData/Items/442
1528,4c952a46-c4ac-402b-bb9f-4558a7bb7f63,6c4142e0-9a62-43d2-a611-8e63d55c1c7f,CAR_SCARObject,SCAR,Record Object,HelperAssigneeId,HelperAssigneeId,Assignee Create Helper Id,Scalar,Guid,500,False,True,True,,,,Extracted,/GraphData/Items/304
2982,da97e0b0-d683-441d-9ea6-8c57888c915d,f461f20c-4b4f-457f-96a5-afc27403288e,FragApplication_AbsLookupValueObject,Abstract Lookup Value,Record Object,Icon,Icon,Icon,Scalar,Text,70,False,False,False,,,,Extracted,/GraphData/Items/650
498,47c996d6-ef6f-4525-bc04-57dc212b5f0d,4cadd3a0-1408-4aad-885f-0e9cd8da26b5,SupplierMgmt_PublicProfileObject,Public Profile,Record Object,Id,ID,Id,Scalar,Guid,500,True,True,True,,,,Extracted,/GraphData/Items/97
1468,9dbf5259-b033-4289-a961-fbdfe46183ca,8c9a0f7a-6ed0-4730-a0ce-e7d7dd164f61,SupplierMgmt_SupplierContactObject,Supplier Contact,Record Object,Id,ID,Id,Scalar,Guid,500,True,True,True,,,,Extracted,/GraphData/Items/283
1875,03588830-917a-42c0-aeec-3cb4837b418b,74b50189-ddbe-4eb0-b884-41b326dc80de,SupplierMgmt_AuditHistoryObject,Audit History,Record Object,Id,ID,Id,Scalar,Guid,500,True,True,True,,,,Extracted,/GraphData/Items/366
2325,e564edce-fadf-42e3-ab2e-ff8210d3832d,e19f1052-2706-43c5-94d2-4ef66d976a4b,ProductMgmt_AttributeObject,Attribute,Record Object,Id,ID,Id,Scalar,Guid,500,True,True,True,,,,Extracted,/GraphData/Items/443
2363,64010f78-9943-47d7-b0e5-a2301704732e,cb34615f-a747-4555-b8df-548a4f655123,ProductMgmt_SupItemRevisionObject,Supplier Item Revision,Record Object,Id,ID,Id,Scalar,Guid,500,True,True,True,,,,Extracted,/GraphData/Items/457
2907,1f22e590-20e5-4dd1-b81e-55eac771c49d,af199d32-2ac0-40d2-86c7-a0b87f9302a4,SupplierMgmt_CertRequirementObject,Certification Requirement,Record Object,Id,ID,Id,Scalar,Guid,500,True,True,True,,,,Extracted,/GraphData/Items/622
2977,cf5554d1-c424-4869-aa47-2762aa1003f7,9ef74965-c9e9-4b7e-b77c-cd4c068d075a,SupplierMgmt_ParentCompnyObject,Supplier Parent Company,Record Object,Id,ID,Id,Scalar,Guid,500,True,True,True,,,,Extracted,/GraphData/Items/648
2999,bc3356d5-9313-4aba-bfca-98871bc8f366,25720c60-08f3-4beb-8e88-ed7bd2037f48,SupplierMgmt_SupEvaluationObject,Supplier Evaluation,Record Object,Id,ID,Id,Scalar,Guid,500,True,True,True,,,,Extracted,/GraphData/Items/656
2573,774209fd-39d4-483f-9486-51b05905d8c7,8d2148f4-0245-427d-80f9-b6d3eae4ba82,ComplyFramework_CARAbstractObject,CAR Abstract,Record Object,ImplemenDueDate,ImplemenDueDate,Due Date,Scalar,Date,150,False,True,False,,,,Extracted,/GraphData/Items/536/GraphData/Items/20
241,345aa773-9085-48eb-881c-f6105fcf950e,0aae060b-c6d2-4f09-83c6-090b22794227,ProductMgmt_SupItemAttrValObject,Supplier Item Attribute Value,Record Object,InSpec,InSpec,In Spec,Scalar,Yes/No,243,False,False,False,,,,Extracted,/GraphData/Items/64
2941,30d353c2-9dfd-4b31-b9e9-8068344a0736,15ba58a2-4468-41f1-a463-be294a754e99,SupplierMgmt_AuditHistoryObject,Audit History,Record Object,IsLastAudit,IsLastAudit,Is Last Audit,Scalar,Yes/No,243,False,False,False,,,,Extracted,/GraphData/Items/636
1581,3e77af97-b85d-491d-bf2f-3d70303ba107,d9880793-8b41-4b0d-89df-d2bb967f7191,SupplierMgmt_SupEvaluationObject,Supplier Evaluation,Record Object,IsLastEvaluaton,IsLastEvaluaton,Is Last Evaluation,Scalar,Yes/No,243,False,False,False,,,,Extracted,/GraphData/Items/325
1051,794bc1d8-ccdf-43db-9a4f-cc41a1013907,e733e053-263a-4cc8-a1cf-cddb13545c80,SupplierMgmt_PublicProfileObject,Public Profile,Record Object,IsOfficialProf,IsOfficialProf,Is Official Profile?,Scalar,Yes/No,243,False,False,False,,,,Extracted,/GraphData/Items/190
2187,3de08c53-2ef6-458c-9b0c-d130aacc98a8,efc9ab91-9b22-4f4e-b68c-cf2dd8dc5e53,ProductMgmt_SupItemRevisionObject,Supplier Item Revision,Record Object,IsSuppPrimary,,Primary Supplier (Reporting),Reference,Supplier Item Status,484,False,False,False,2,True,,Extracted,/GraphData/Items/391
575,ec64c1d2-d900-49a5-8006-964b9a4f73cf,e596315e-077d-4bf9-bed2-70517ba2d16f,SupplierMgmt_SupplierItemObject,Provisioned Good/Service,Record Object,Item,,Good/Service,Reference,Good/Service,2720,False,True,False,2,True,SupplierItems,Extracted,/GraphData/Items/126
1436,57ec3468-b5e1-46fe-9b7c-19c739b4c277,95b095cf-9b41-44c0-b580-45dcfc583539,ProductMgmt_SupItemRevisionObject,Supplier Item Revision,Record Object,Item,,Item,Reference,Item,1071,False,False,False,2,True,,Extracted,/GraphData/Items/271
1989,9aedaae8-6acb-47a8-bc87-4f99c36ad7d1,8ee49cac-4dd3-49aa-87dc-e21e1e19f588,ProductMgmt_SupplierItemObject,Supplier Item,Record Object,Item,,Item,Reference,Item,1071,False,False,False,2,True,SupplierItems,Extracted,/GraphData/Items/386/GraphData/Items/32
1996,9e311327-6433-4763-8c81-c9e8650f7503,13cd7be4-e167-442f-bb57-6ed43648a7e0,ProductMgmt_ItemRevisionObject,Item Revision,Record Object,Item,,Item,Reference,Item,1071,False,False,False,2,True,Revisions,Extracted,/GraphData/Items/386/GraphData/Items/34
2880,5856779e-b857-4c83-935b-2bb4b03ea13c,e4f16f8d-2be3-4152-8768-9958673d56f1,ProductMgmt_SupItemAttrValObject,Supplier Item Attribute Value,Record Object,ItemAttrVal,,Item Attribute Value,Reference,Attribute Value,986,False,False,False,2,True,,Extracted,/GraphData/Items/611
2903,064dcf9c-0a3a-47ff-996e-8058f85f8c96,c5c5814a-d670-4109-8a7b-a04bfe13ca93,SupplierMgmt_DocLibraryObject,Documentation,Record Object,ItemCategories,,Goods/Service Categories,Reference,Good/Service Category,2310,False,False,False,3,False,Documents,Extracted,/GraphData/Items/621
2988,644b2d1d-c410-49e3-a820-1dee98df4327,2e44a028-82ee-45cb-ad45-b3e290d3a43f,SupplierMgmt_CertLibraryObject,Certification,Record Object,ItemCategories,,Goods/Service Categories,Reference,Good/Service Category,2310,False,False,False,3,False,Certificates,Extracted,/GraphData/Items/653
569,ad1b228e-68c3-46a3-8d76-f72b3ecc9d29,a787357a-1df8-4a7e-a283-f08f92c6b5b3,SupplierMgmt_ComponentObject,Component,Record Object,ItemHelper,,ItemHelper,Reference,Good/Service,2720,False,True,False,2,True,Components,Extracted,/GraphData/Items/124
1434,c2f402ce-b5fe-4550-bb00-e8b618f4f284,9711400e-090d-42ef-9857-2e27acf10116,ProductMgmt_SupItemRevisionObject,Supplier Item Revision,Record Object,ItemID,ItemID,Item Id,Scalar,Guid,500,False,False,True,,,,Extracted,/GraphData/Items/270
2277,d487f604-ad5f-43b8-b900-807aaa8fa7d7,fcdc4c41-3ed4-4be6-aa72-4762cc2132c5,FragApplication_ProductObject,Product Abstract,Record Object,ItemNumber,ItemNumber,Item Number,Scalar,Text,70,False,False,False,,,,Extracted,/GraphData/Items/428
1639,353eeb39-ba31-4436-9f0f-e9d951f7bc7b,0c6f462d-eb0e-49de-8031-599ee3493068,ProductMgmt_SupItemRevisionObject,Supplier Item Revision,Record Object,ItemRevisions,,Item Revisions,Reference,Item Revision,984,False,False,False,2,True,SuppItemRevs,Extracted,/GraphData/Items/343
1637,5d8f5c44-f90f-40e1-958b-f2db09867c74,1d6e4698-eb5b-4690-a58a-3e39f217efbd,ProductMgmt_SupItemRevisionObject,Supplier Item Revision,Record Object,ItemRevisionsID,ItemRevisionsID,Item Revisions Id,Scalar,Guid,500,False,False,True,,,,Extracted,/GraphData/Items/342
2290,81b77c2b-6778-4f90-b2e7-003079862de1,4ce3c152-1889-4550-b906-ff863722167b,SupplierMgmt_CertRequirementObject,Certification Requirement,Record Object,LastAuditHist,,Last Audit History,Reference,Audit History,40,False,False,False,2,True,,Extracted,/GraphData/Items/431
2288,77c17e8c-8640-4e85-8dc3-60f97a396713,8975840b-68d5-4a0a-a4ca-4917d6d1248b,SupplierMgmt_CertRequirementObject,Certification Requirement,Record Object,LastAuditHistId,LastAuditHistID,Last Audit History Id,Scalar,Guid,500,False,False,True,,,,Extracted,/GraphData/Items/430
1537,d8aeafaf-44ad-48f1-9f89-eac30dff2579,6fc05062-ea42-4f6a-a29e-37179a2ddf0b,SupplierMgmt_SupEvaluationObject,Supplier Evaluation,Record Object,LastEvalHelper,LastEvalHelper,Last Evaluation Helper,Scalar,Yes/No,243,False,False,False,,,,Extracted,/GraphData/Items/308
2381,6515ea34-f493-4144-9ad1-6c4e2a5b1ab3,3b9dc825-2bb9-47c6-bb5d-a41328082540,SupplierMgmt_SupAbstractObject,Supplier Abstract,Record Object,LastEvaluation,,Last Evaluation,Reference,Supplier Evaluation,42,False,False,False,2,True,,Extracted,/GraphData/Items/465
2949,65600fb5-46c1-491d-abc1-9caa10e0527a,c2fd94cf-2e87-4802-886c-a8856bf98250,SupplierMgmt_SupAbstractObject,Supplier Abstract,Record Object,LastEvaluationId,LastEvaluationID,Last Evaluation Id,Scalar,Guid,500,False,False,True,,,,Extracted,/GraphData/Items/639
178,36ee6ec8-8a29-4f3e-ac06-f3ef316a0888,ef657d18-2354-4c2e-94b6-037defaa4fce,SupplierMgmt_SupplierContactObject,Supplier Contact,Record Object,LastName,LastName,Last Name,Scalar,Text,70,False,False,False,,,,Extracted,/GraphData/Items/43
1290,18beef5c-491b-4073-83f9-8a3e9e2b7fff,9f3d6d57-b372-48d6-adac-9682135f7f9c,SysEmployeeEntity,Employee,Record Object,LastName,LastName,Last Name,Scalar,Text,70,False,True,False,,,,Extracted,/GraphData/Items/250
2218,14bb7963-b27b-4bf7-bc5d-58b688839360,c0be44e7-eb7c-4ae0-b68f-ecf43f7bea98,ProductMgmt_SupItemRevisionObject,Supplier Item Revision,Record Object,LastRelVersion,LastRelVersion,Last Released Version,Scalar,Yes/No,243,False,False,False,,,,Extracted,/GraphData/Items/404
2379,6287ed0e-ec49-4eaa-a671-2b092c980fc9,6a6bb3d2-47b9-412e-a6fd-c6a77a1811b9,SupplierMgmt_SupAbstractObject,Supplier Abstract,Record Object,LastScoreDate,LastScoreDate,Last Score Date,Scalar,Date,150,False,False,False,,,,Extracted,/GraphData/Items/464
1836,35667723-c44c-4cc3-b34f-b0c3f4bc8153,4a71c91d-9970-462d-8e87-dcb450188ec8,SupplierMgmt_ParentCompnyObject,Supplier Parent Company,Record Object,LatestPCScore,LatestPCScore,Latest Parent Company Demerits,Scalar,Float,1245,False,False,False,,,,Extracted,/GraphData/Items/351
3033,2696cdf2-2231-4608-9043-a82723163de9,d9c52320-1ad6-45a0-94a5-cf717fe6b0ba,SupplierMgmt_CertCategoryObject,Certification Category,Record Object,ListCertificati,,Certification Category List,Reference,Certification Category,1564,False,False,False,,False,ParentCertifica,Extracted,/GraphData/Items/671
2995,a42ccf16-f926-41d7-bbd3-d89d27423e0f,5cddaea3-99f7-452a-8abc-b612a3d0e6a5,SupplierMgmt_DocCategoryObject,Documentation Category,Record Object,ListDocumentati,,Documentation Category List,Reference,Documentation Category,1470,False,False,False,2,False,ParentDocumenta,Extracted,/GraphData/Items/655
1274,2aa6f1b5-394b-48dd-ad9d-e5c89f6110a3,8fd6815b-0b64-4d41-a5fa-ecdd4d88368a,FragApplication_GeographyObject,Geography,Record Object,ListGeography,,Geography List,Reference,Geography,512,False,False,False,,False,ParentGeography,Extracted,/GraphData/Items/243
1625,4fad548b-0dfd-4fee-8e38-294c408bda0d,bdb6bf13-4aef-4c03-a018-6faf4c4445ea,SupplierMgmt_SupCategoryObject,Supplier Category,Record Object,ListSupplierCa,,Supplier Category List,Reference,Supplier Category,215,False,False,False,,False,ParentSupplier,Extracted,/GraphData/Items/338
205,5244c8d9-00ee-4e96-bba5-6d9065145827,989d317c-6739-4676-a2a3-05de5147b166,SupplierMgmt_CertRequirementObject,Certification Requirement,Record Object,Location,,Location,Reference,Location,209,False,True,True,2,True,SupplierMgmtCertRequirementObject,Extracted,/GraphData/Items/52
1541,c4761101-eb9a-4019-b14e-8e63cacf57e0,29d87257-d47b-4506-b68c-7ced88a5845d,SupplierMgmt_PublicProfileObject,Public Profile,Record Object,Location,,Location,Reference,Location,209,False,True,True,2,True,SupplierMgmtPublicProfileObject,Extracted,/GraphData/Items/310
1545,7e1f58f2-1274-44a0-938f-3f150689278d,365a8a01-00ad-4411-aa28-8ec50f25561c,FragApplication_ProductObject,Product Abstract,Record Object,Location,,Location,Reference,Location,209,False,True,True,2,True,FragApplicationProductObject,Extracted,/GraphData/Items/311
2356,0b6ed0b0-8a62-44c7-9b05-7c8029dc5d95,2f143e18-c1fd-4c09-bfbb-532d6f8d3366,SupplierMgmt_DocRequirementObject,Documentation Requirement,Record Object,Location,,Location,Reference,Location,209,False,True,True,2,True,SupplierMgmtDocRequirementObject,Extracted,/GraphData/Items/455
2697,5788c4ba-b62e-439f-9389-2cbce0e48e6a,8b13daf4-a6ba-4a38-89e5-9ee5d422512b,SupplierMgmt_SupAbstractObject,Supplier Abstract,Record Object,Location,,Location,Reference,Location,209,False,True,True,2,True,SupplierMgmtSupAbstractObject,Extracted,/GraphData/Items/546
1461,e4aeb1e7-43e0-46ef-b7d4-e8ca3655c108,f7e8ed19-a6fd-47d9-9397-832e9f8333fa,SupplierMgmt_SupplierItemObject,Provisioned Good/Service,Record Object,LocationHelper,LocationHelper,LocationHelper,Scalar,Text,70,False,False,False,,,,Extracted,/GraphData/Items/280
2540,5b521952-5d96-4e0a-90ef-632737e6730d,d186aa16-8ad7-4a7e-b3c7-73ef0f60a945,SupplierMgmt_SupplierContactObject,Supplier Contact,Record Object,MiddleName,MiddleName,Middle Name,Scalar,Text,70,False,False,False,,,,Extracted,/GraphData/Items/534
32,9f473171-6667-448d-9302-f7bd754999a6,c60c7084-1a20-49b3-977b-a115c18407dc,SysSubjectEntity,Subject,Record Object,Name,Name,Name,Scalar,Text,70,False,True,False,,,,Extracted,/GraphData/Items/0/GraphData/Items/8
555,d55571ed-27e0-4900-afd0-9a2498a15d87,1ec42ef9-eec0-48a5-9ab3-6bb0f6306536,SupplierMgmt_ComponentObject,Component,Record Object,Name,Name,Component Name,Scalar,Text,70,False,False,False,,,,Extracted,/GraphData/Items/120
1025,f6258159-2182-4fdc-9cdc-0778265e4643,2295490e-0a1a-4336-975f-1aa659f4ca3f,SupplierMgmt_PublicProfileObject,Public Profile,Record Object,Name,Name,Supplier Name,Scalar,Text,70,False,True,False,,,,Extracted,/GraphData/Items/180
1082,5b6a3ac3-5d03-4b37-9836-b9ac5e2ce971,16ee344e-01f4-4b1d-9097-1ad62ede6f75,FragApplication_ProductObject,Product Abstract,Record Object,Name,Name,Name,Scalar,Text,70,False,True,False,,,,Extracted,/GraphData/Items/202
1218,27388d10-f613-4b32-9b7e-16f3cf18c0bd,3905b961-6b0c-414c-8062-4eafcefd1d94,SupplierMgmt_SupAbstractObject,Supplier Abstract,Record Object,Name,Name,Name,Scalar,Text,70,False,True,False,,,,Extracted,/GraphData/Items/224
1292,a1420a2d-a022-4185-8fef-fd4cd15cf0cb,57c86ce5-11ad-4b5e-9c56-76adb49fbe40,SupplierMgmt_SupplierContactObject,Supplier Contact,Record Object,Name,Name,Name,Scalar,Text,70,False,False,False,,,,Extracted,/GraphData/Items/251
1480,061cd0b9-17cf-43eb-9979-ebf1df425566,55a946b0-93fa-4ebf-b619-3356295c18aa,ProductMgmt_SupplierItemObject,Supplier Item,Record Object,Name,Name,Name,Scalar,Text,70,False,False,False,,,,Extracted,/GraphData/Items/288
1485,3ccc246b-fdfa-4241-b5f6-d984ac01300f,2a72fb81-d8ed-4e09-830f-c4784c2fd21d,ProductMgmt_SupItemRevisionObject,Supplier Item Revision,Record Object,Name,Name,Name,Scalar,Text,70,False,False,False,,,,Extracted,/GraphData/Items/289
1505,4aee904e-19d7-41c9-937a-e852521c58c2,8c3c081f-67e9-4b53-983e-c8f02eeeb925,SupplierMgmt_FacProfileObject,Facility Profile,Record Object,Name,Name,Name,Scalar,Text,70,False,True,False,,,,Extracted,/GraphData/Items/294
1623,93c1846e-344c-4f09-9a3c-f0bb47a50f50,07508a60-e745-4dac-9455-a1d638b7368c,SupplierMgmt_SupCategoryObject,Supplier Category,Record Object,Name,Name,Category Name,Scalar,Text,70,False,False,False,,,,Extracted,/GraphData/Items/337
2496,b682a1dc-5d01-41b3-8250-d9160f4b4181,b1ae91d2-ecd1-49b5-83f0-6f9e4e530559,ProductMgmt_PMStatusObject,Product Management - Status,Record Object,Name,Name,Name,Scalar,Text,70,False,True,False,,,,Extracted,/GraphData/Items/515
2500,4ac06cb4-8ec1-4f0f-b3ab-9caef014a5eb,53534445-32ce-4bc3-b652-7da95de55716,ProductMgmt_RevisionTypeObject,Revision Type,Record Object,Name,Name,Name,Scalar,Text,70,False,True,False,,,,Extracted,/GraphData/Items/517
2504,89d6fc0b-6fe7-4a7e-b283-7e16b4fdf7fd,97d4139a-10a5-4cb4-a135-63b9da1b21ac,ProductMgmt_SupplItemStatusObject,Supplier Item Status,Record Object,Name,Name,Name,Scalar,Text,70,False,True,False,,,,Extracted,/GraphData/Items/519
3064,7d2c4ca4-1350-45c7-ae09-a0ed8a05e637,74c49c51-a11b-4555-a55c-dfca56456203,SupplierMgmt_DocLibraryObject,Documentation,Record Object,Name,Name,Name,Scalar,Text,70,False,True,False,,,,Extracted,/GraphData/Items/682
3070,e437adbe-45f2-44b1-951d-8b868a764ae0,3fd6b89d-bf10-4df0-915a-fcbdb924a41b,SupplierMgmt_CertLibraryObject,Certification,Record Object,Name,Name,Name,Scalar,Text,70,False,True,False,,,,Extracted,/GraphData/Items/685
3031,3a436b53-a498-45ed-a226-babe681e1fc3,a75d9f7b-6f79-4907-93a1-cb69d686667a,SupplierMgmt_CertCategoryObject,Certification Category,Record Object,NameCertificati,NameCertificati,Category Name,Scalar,Text,70,False,False,False,,,,Extracted,/GraphData/Items/670
3056,e13058e9-60c0-4659-9e24-e74ca067e241,9a522e15-10cb-4732-bc0f-d5b5038a36fb,SupplierMgmt_DocCategoryObject,Documentation Category,Record Object,NameDocumentati,NameDocumentati,Category Name,Scalar,Text,70,False,False,False,,,,Extracted,/GraphData/Items/679
1277,ba5d7d3f-82d5-4a2a-8ff9-0c23b1664450,221fc88c-26d6-496a-b2fe-7d4d060c5cda,FragApplication_GeographyObject,Geography,Record Object,NameGeography,NameGeography,Name,Scalar,Text,70,False,False,False,,,,Extracted,/GraphData/Items/244
3029,6dc5d302-1e5e-4349-8ec8-bec0ec251b13,1bc12c40-c227-4611-9319-da017e478aeb,SupplierMgmt_FacilityObject,Supplier Facility,Record Object,NbLateShipments,NbLateShipments,# Late Shipments,Scalar,Number,2750,False,False,False,,,,Extracted,/GraphData/Items/669
2748,59747efa-2174-4b62-9759-7f7d90afd931,f24f51bf-76db-422e-9acc-7d37633f371d,SupplierMgmt_CertRequirementObject,Certification Requirement,Record Object,NbOfApprovals,NbOfApprovals,NbOfApprovals,Scalar,Number,2750,False,False,False,,,,Extracted,/GraphData/Items/575
2450,cbaf636d-0b22-4db6-a1f2-524cc6d72750,f5bf4faa-8967-45e5-b285-c83fd234996d,SupplierMgmt_DocRequirementObject,Documentation Requirement,Record Object,NbOfApprvHelper,NbOfApprvHelper,NbOfApprovals Helper,Scalar,Number,2750,False,False,False,,,,Extracted,/GraphData/Items/493
2832,ea9f7965-27da-4f71-914f-a700c074002d,bb2c294d-5164-4e65-9dbd-cff0b1d0874b,SupplierMgmt_CertRequirementObject,Certification Requirement,Record Object,NbOfAudits,NbOfAudits,NbOfAudits,Scalar,Number,2750,False,False,False,,,,Extracted,/GraphData/Items/590
1520,0b2cd0fa-2cf5-4b77-bd4a-e9066d347b20,5c45f989-1d00-4a4c-abd0-eb67195e20a5,SupplierMgmt_FacProfileObject,Facility Profile,Record Object,NbOfCertHelper,NbOfCertHelper,NbOfCertHelper,Scalar,Number,2750,False,False,False,,,,Extracted,/GraphData/Items/301
148,279cf14a-17a6-4245-945b-83a583ac2e7b,fa8c1b20-fbdd-4656-8bb7-01b54c9481cb,SupplierMgmt_CertRequirementObject,Certification Requirement,Record Object,NewDueDate,NewDueDate,New Due Date,Scalar,Date,150,False,False,False,,,,Extracted,/GraphData/Items/30
533,1e8a31f4-7934-4132-abaa-ef62f96e36aa,4ebfeb1a-faff-4304-9c6c-9e3f517f2d6c,SupplierMgmt_DocRequirementObject,Documentation Requirement,Record Object,NewDueDate,NewDueDate,New Due Date,Scalar,Date,150,False,False,False,,,,Extracted,/GraphData/Items/110
2464,27db482f-f8eb-4362-abf9-9aecf23107cd,c93d9370-3988-4579-8c83-6d7ebaa6c3a0,SupplierMgmt_DocRequirementObject,Documentation Requirement,Record Object,NextReviewDate,NextReviewDate,Next Review Date,Scalar,Date,150,False,False,False,,,,Extracted,/GraphData/Items/500
2581,472e588d-62c2-44d6-9600-ad5c6a6f74d5,3b865b51-ec3b-430c-993b-80622bcbde08,CAR_EffectReviewLogObject,Effectiveness Review Log,Record Object,NextReviewDate,NextReviewDate,Next Review Date,Scalar,Date,150,False,False,False,,,,Extracted,/GraphData/Items/536/GraphData/Items/25
2439,cf629945-fce4-4ca1-8bec-23c7d5365c10,a427dc03-6730-410f-86fa-e6ea782f154d,SupplierMgmt_SupAbstractObject,Supplier Abstract,Record Object,NoOfEvaluations,NoOfEvaluations,NoOfEvaluations,Scalar,Number,2750,False,False,False,,,,Extracted,/GraphData/Items/489
2402,6fa434eb-2260-492e-b42f-a81bc9cbdb1a,0dd488c1-affb-421e-b255-845471291217,SupplierMgmt_SupAbstractObject,Supplier Abstract,Record Object,Notes,Notes,Notes,Scalar,Text,70,False,False,False,,,,Extracted,/GraphData/Items/474
2518,e4c56f0f-b96b-4fbf-b555-533c81eab500,fda312a1-66bc-440e-b551-65a27648fc6f,SupplierMgmt_SupplierContactObject,Supplier Contact,Record Object,Notes,Notes,Notes,Scalar,Text,70,False,False,False,,,,Extracted,/GraphData/Items/525
194,99bb4a65-71ec-4b38-8592-c062e3a3f783,a4424187-d9aa-4376-992f-05666d26c58c,SupplierMgmt_SupplierContactObject,Supplier Contact,Record Object,Number,Number,Contact ID,Scalar,Text,70,False,False,False,,,,Extracted,/GraphData/Items/47
1288,baa2c4f7-4417-42f3-972d-2a9c66783fd6,0864966b-98bf-4c93-85f9-336544e6665e,SysEmployeeEntity,Employee,Record Object,Number,Number,Number,Scalar,Text,70,False,True,False,,,,Extracted,/GraphData/Items/249
1986,163088d1-c73e-40ac-a25b-36e28f324cbe,bb2d4249-d21a-4f88-9c07-b6d5e56f394a,ProductMgmt_ItemRevisionObject,Item Revision,Record Object,Owner,,Owner,Reference,Employee,66,False,True,False,2,True,,Extracted,/GraphData/Items/386/GraphData/Items/31
2724,f50d343a-60d9-436b-98d4-4d8dfcc25857,765147e4-a093-4567-bc89-7220575e5b6d,SupplierMgmt_CertCategoryObject,Certification Category,Record Object,ParentCertifica,,Parent Category Name,Reference,Certification Category,1564,False,False,False,2,True,ListCertificati,Extracted,/GraphData/Items/565
2979,22a0255f-8f98-4f9f-abde-47fe70d9d0a7,3d4ae358-9fb3-442e-8c93-c8f647ad2b25,SupplierMgmt_FacilityObject,Supplier Facility,Record Object,ParentCompany,,Supplier Parent Company,Reference,Supplier Parent Company,978,False,True,False,,True,Facilities,Extracted,/GraphData/Items/649
3001,549a0d99-6b7c-4dba-b67d-62cf1bbfa074,bf5214bb-8f38-43ea-89ad-b7989fc2d922,SupplierMgmt_DocCategoryObject,Documentation Category,Record Object,ParentDocumenta,,Parent Category Name,Reference,Documentation Category,1470,False,False,False,,True,ListDocumentati,Extracted,/GraphData/Items/657
969,d706451f-23f5-4a2b-b1c2-866d9a1f72c5,33437c6b-096b-42cf-9715-f06307a33b92,FragApplication_GeographyObject,Geography,Record Object,ParentGeography,,Parent Geography,Reference,Geography,512,False,False,False,2,True,ListGeography,Extracted,/GraphData/Items/164
2974,e7d5ed26-c0ce-4e5c-a56d-0b3174898aa5,b8664ab5-0723-44cf-886f-acaed666066f,SupplierMgmt_FacilityObject,Supplier Facility,Record Object,ParentIDHelper,ParentIDHelper,ParentIDHelper,Scalar,Text,70,False,False,False,,,,Extracted,/GraphData/Items/647
211,0563d452-fb2a-41cf-a019-a6abb20672ae,d18f10e2-371f-48f0-9fc2-064be1b049b4,SupplierMgmt_SupCategoryObject,Supplier Category,Record Object,ParentSupplier,,Parent Category Name,Reference,Supplier Category,215,False,False,False,2,True,ListSupplierCa,Extracted,/GraphData/Items/54
594,d32d003f-efc7-4499-9950-ce46dc4bd075,66140a53-a175-4aaa-a7f1-12d35984d9b0,ProductMgmt_SupItemRevisionObject,Supplier Item Revision,Record Object,ParNumberHelper,ParNumberHelper,Part Number,Scalar,Text,70,False,False,False,,,,Extracted,/GraphData/Items/130
1960,e080b590-c9d9-42b3-8a9e-eda3747c864a,4acc4a87-8f0a-4979-8163-81c5fc21c217,ProductMgmt_SupItemRevisionObject,Supplier Item Revision,Record Object,PersonResp,,Person Responsible,Reference,Supplier Contact,141,False,False,False,2,True,,Extracted,/GraphData/Items/386/GraphData/Items/16
2508,f50139e1-050f-4af7-9b08-2ea71d9f6d93,ef4352e0-ba75-4523-b925-64710a24f390,SysWorkflowInstanceEntity,Workflow Instance,Record Object,PersonResponsible,,Person Responsible,Reference,Subject,68,False,False,False,2,True,,Extracted,/GraphData/Items/521
165,8dc1c8dc-f39c-4159-8e38-699de87f3e8f,f9835b05-c174-4fa1-97b4-74d0ec3f0505,SysWorkflowInstanceEntity,Workflow Instance,Record Object,PersonResponsibleId,PersonResponsibleID,Person Responsible Id,Scalar,Guid,500,False,False,True,,,,Extracted,/GraphData/Items/37
29,2323c532-2ef7-45b4-b2e0-6599365226c1,c5433492-07c9-405e-b1bb-32730a8c21c3,SupplierMgmt_SupAbstractObject,Supplier Abstract,Record Object,PersResponsible,,Person Responsible,Reference,Employee,66,False,False,False,2,True,,Extracted,/GraphData/Items/0/GraphData/Items/7
342,bddce882-731e-4888-870a-481c14782e59,e2e6ccd7-0627-4780-9919-76be6ca9353a,SupplierMgmt_DocRequirementObject,Documentation Requirement,Record Object,PersResponsible,,Assigned To,Reference,Supplier Contact,141,False,False,False,2,True,,Extracted,/GraphData/Items/77/GraphData/Items/23
167,91ef950d-5118-4dfd-b591-91bb4554035f,cedcc226-54d6-4049-baaa-8332e5eaaaec,SupplierMgmt_SupAbstractObject,Supplier Abstract,Record Object,PersResponsibleId,PersResponsibleID,Person Responsible Id,Scalar,Guid,500,False,False,True,,,,Extracted,/GraphData/Items/38
2984,3be8a05e-eac1-48a7-8f91-459306003fc5,8648a7ed-fc96-44c0-b5e7-fb54a983f900,SupplierMgmt_DocRequirementObject,Documentation Requirement,Record Object,PersResponsibleId,PersResponsibleID,Assigned To Id,Scalar,Guid,500,False,False,True,,,,Extracted,/GraphData/Items/651
139,369e80e7-42ba-4a22-9028-b0de7776d891,7401d262-a286-4a2b-90a6-0102b8a10d03,SupplierMgmt_SupplierContactObject,Supplier Contact,Record Object,Phone,Phone,Phone,Scalar,Text,70,False,False,False,,,,Extracted,/GraphData/Items/26
2393,0066ce58-c932-4ff3-a1c0-739ae7e167cc,1a9fb779-2490-49fc-8aea-b4a5a2d17da1,SupplierMgmt_SupAbstractObject,Supplier Abstract,Record Object,PhoneNo,PhoneNo,Phone No,Scalar,Text,70,False,False,False,,,,Extracted,/GraphData/Items/470
2304,728017b2-e889-4810-873d-a319b1908b53,06948b8d-0a3c-4eaa-921e-4bfc82b41815,SupplierMgmt_SupplierContactObject,Supplier Contact,Record Object,Position,Position,Position,Scalar,Text,70,False,False,False,,,,Extracted,/GraphData/Items/435
1889,6ed60c59-4fe6-4157-b683-b5957ab172d9,51f1b0f3-e63d-41b2-986c-7d7b881e2e3b,SupplierMgmt_SupAbstractObject,Supplier Abstract,Record Object,PostalCode,PostalCode,Postal Code,Scalar,Text,70,False,False,False,,,,Extracted,/GraphData/Items/372
2529,ae3e4158-d03d-4564-ba21-4d25294b76f7,bb848a53-0d31-498c-b315-c00301d7e1a4,SupplierMgmt_SupplierContactObject,Supplier Contact,Record Object,Prefix,Prefix,Prefix,Scalar,Text,70,False,False,False,,,,Extracted,/GraphData/Items/530
2233,59829a22-95c7-4c69-a673-d12d659e62e6,35cf779d-73a0-4f08-aef1-5267fbda4499,ProductMgmt_SupItemRevisionObject,Supplier Item Revision,Record Object,PrimarySupplier,,Primary Supplier,Reference,Supplier Item Status,484,False,False,False,2,True,,Extracted,/GraphData/Items/411
2460,58533028-6f02-4df9-bedc-b461e1a10e2b,5bd8c43d-c4e7-4fe4-8da7-a4d171950557,SupplierMgmt_DocRequirementObject,Documentation Requirement,Record Object,PriorityOder,PriorityOder,Priority Order,Scalar,Number,2750,False,False,False,,,,Extracted,/GraphData/Items/498
235,89ba9b36-f4b2-4372-80b5-702115ea7f00,9760f509-753d-46ba-afff-07b450d3002d,SupplierMgmt_SupAbstractObject,Supplier Abstract,Record Object,ProvinceState,ProvinceState,Province/State,Scalar,Text,70,False,False,False,,,,Extracted,/GraphData/Items/61
557,edf5a09f-7d73-4499-8e60-61e66d4d00af,fb456392-d5aa-4b55-b168-a09bb2c1434d,SupplierMgmt_SupplierItemObject,Provisioned Good/Service,Record Object,PublicProfile,,Supplier,Reference,Public Profile,48,False,True,False,2,True,SupItems,Extracted,/GraphData/Items/121
579,ee5e85f8-caaf-49d9-b8a3-f3b299518ef0,b3e246a7-20fd-4eb6-831d-239086126ffd,SupplierMgmt_ComponentObject,Component,Record Object,PublicProfile,,Public Profile,Reference,Public Profile,48,False,False,False,2,True,Components,Extracted,/GraphData/Items/127
1208,0552ca6c-80d5-4f2d-93b2-f12f037773ef,e0bc9c10-0dcb-418a-92f2-e67cb98eebdd,SupplierMgmt_SupAbstractObject,Supplier Abstract,Record Object,PublicProfiles,,Public Profiles,Reference,Public Profile,48,False,False,False,,False,SupplierAbs,Extracted,/GraphData/Items/222
2211,d6ca224f-1906-4987-a120-c7f3d44d7b30,02379fe0-451d-4238-be88-e9824b497317,ProductMgmt_SupItemRevisionObject,Supplier Item Revision,Record Object,PublicProfiles,,Public Profiles,Reference,Public Profile,48,False,False,False,3,True,,Extracted,/GraphData/Items/401
1643,523217a7-3476-4f70-b115-5a5075e81b7a,2077327c-d2c3-4a3d-a4c3-c29b06ee9096,SupplierMgmt_ParentCompnyObject,Supplier Parent Company,Record Object,PushCertsHelper,PushCertsHelper,Push to Facility Helper,Scalar,Number,2750,False,False,False,,,,Extracted,/GraphData/Items/344
2858,055b7c82-2d6e-403b-adfc-cdee57e1b003,34871e28-c384-4ad4-b92d-b9596db6022d,SupplierMgmt_CertRequirementObject,Certification Requirement,Record Object,PusToFacilities,PusToFacilities,Push To Facilities,Scalar,Yes/No,243,False,False,False,,,,Extracted,/GraphData/Items/601
1092,0f259996-5169-45ab-bb77-b09184d5095f,09d59261-4d77-4436-b049-1d4d8b12759b,SupplierMgmt_ComponentObject,Component,Record Object,Quantity,Quantity,Quantity,Scalar,Text,70,False,False,False,,,,Extracted,/GraphData/Items/207
596,3bd36571-6003-46da-8568-dcc9db83fdd4,ab3dfafa-1773-436e-8d8e-12ff33e9bedf,SupplierMgmt_SupEvaluationObject,Supplier Evaluation,Record Object,Rating,,Rating,Reference,SupplierMgmt-Evaluation Rating,226,False,True,False,2,True,,Extracted,/GraphData/Items/131
2192,4af96564-0d4b-404f-a3f9-519d2e092467,d71ea88f-a1d1-40ca-bad7-57ade3f4379e,ProductMgmt_SupItemRevisionObject,Supplier Item Revision,Record Object,ReasonForRev,ReasonForRev,Reason For Revision,Scalar,Text,70,False,False,False,,,,Extracted,/GraphData/Items/392
619,d3b2f256-64ea-47ff-89fe-3e968cdbfe5e,3cba8fd1-67d0-4378-920e-af24de471eeb,SupplierMgmt_SupConResponsibObject,Supplier Contact Responsibilities,Record Object,RecordNo,RecordNo,Record No.,Scalar,Auto Number,1090,False,False,False,,,,Extracted,/GraphData/Items/140
1041,c9a1427c-24c8-484f-980e-f1508ab520bb,05bfa211-5558-472f-b67b-d65d42e36529,SupplierMgmt_PublicProfileObject,Public Profile,Record Object,RecordNo,RecordNo,Record No.,Scalar,Auto Number,1090,False,False,False,,,,Extracted,/GraphData/Items/186
1088,53466d95-7b89-4cb8-ab94-ac31005a00b7,125be518-5228-4327-863a-1cfa0881474b,SupplierMgmt_DocRequirementObject,Documentation Requirement,Record Object,RecordNo,RecordNo,Record No.,Scalar,Auto Number,1090,False,False,False,,,,Extracted,/GraphData/Items/205
1507,8b9473b4-58e5-4716-b3fd-57e1ec92593b,648cd168-c728-43ff-b514-d291efbbc7f0,SupplierMgmt_FacProfileObject,Facility Profile,Record Object,RecordNo,RecordNo,Record No.,Scalar,Auto Number,1090,False,False,False,,,,Extracted,/GraphData/Items/295
1577,f236e43e-1e9b-43ce-a2c2-ab428a7c2d9a,98838b2a-7a9d-430e-8e05-91a538d31782,SupplierMgmt_SupEvaluationObject,Supplier Evaluation,Record Object,RecordNo,RecordNo,Record No.,Scalar,Auto Number,1090,False,False,False,,,,Extracted,/GraphData/Items/323
2344,e6b6fa7f-15a1-4a68-b01e-39cf2d896919,386e67e1-72f1-4be4-8e43-52a34332265f,ProductMgmt_SupplierItemObject,Supplier Item,Record Object,RecordNo,RecordNo,Record No.,Scalar,Auto Number,1090,False,False,False,,,,Extracted,/GraphData/Items/452
2431,7a5259f2-4007-42a0-85e9-eb98045c9df1,a9691e5a-27b4-4df2-ba4d-c550fdc7c702,SupplierMgmt_SupAbstractObject,Supplier Abstract,Record Object,RecordNo,RecordNo,Record No.,Scalar,Auto Number,1090,False,False,False,,,,Extracted,/GraphData/Items/485
2531,18043070-906b-4a5e-9428-25a29f35fc4e,72c45ec3-cf5f-46f0-ac89-aae81e184397,SupplierMgmt_SupplierContactObject,Supplier Contact,Record Object,RecordNo,RecordNo,Record No.,Scalar,Auto Number,1090,False,False,False,,,,Extracted,/GraphData/Items/531
2839,6ec3c368-a807-4853-81b2-6d4c808fcc00,b95a46cf-6a16-4d45-ac40-a1a9d3b90850,SupplierMgmt_CertRequirementObject,Certification Requirement,Record Object,RecordNo,RecordNo,Record No.,Scalar,Auto Number,1090,False,False,False,,,,Extracted,/GraphData/Items/593
2923,e2064487-dd5d-4117-9b02-a01bd2263c7a,449eae8f-8206-466c-bafe-a447a64937e2,FragApplication_AbsLookupValueObject,Abstract Lookup Value,Record Object,RecordNo,RecordNo,Record No.,Scalar,Auto Number,1090,False,False,False,,,,Extracted,/GraphData/Items/628
2935,b1d3fca8-283d-450e-a64e-972cd979849c,d938ed74-f3e3-4f61-96c8-bae769c9c092,SupplierMgmt_AuditHistoryObject,Audit History,Record Object,RecordNo,RecordNo,Record No.,Scalar,Auto Number,1090,False,False,False,,,,Extracted,/GraphData/Items/633
3045,ba813548-daa5-425c-b38b-07554f45150e,4114f269-9297-4c8f-9611-c680335d8fa1,SupplierMgmt_DocLibraryObject,Documentation,Record Object,RecordNo,RecordNo,Record No.,Scalar,Auto Number,1090,False,False,False,,,,Extracted,/GraphData/Items/675
3054,ae347a4c-5a79-4944-92cf-621752a6546c,ad1b1127-1598-4542-b6b9-e2912488dde9,FragApplication_ProductObject,Product Abstract,Record Object,RecordNo,RecordNo,Record No.,Scalar,Auto Number,1090,False,False,False,,,,Extracted,/GraphData/Items/678
3075,82c662c3-9c28-46bf-b271-d61bd9bf6454,1d8e328a-49bf-44b6-bce8-fa65893937a2,SupplierMgmt_CertLibraryObject,Certification,Record Object,RecordNo,RecordNo,Record No.,Scalar,Auto Number,1090,False,False,False,,,,Extracted,/GraphData/Items/687
2410,b8624c3f-a701-4c2a-87b7-2514b390cacf,fdc5938b-fa88-42d8-b904-d9e6e1b0cb99,SupplierMgmt_SupAbstractObject,Supplier Abstract,Record Object,RecordType,RecordType,HelperRecord Type,Scalar,Text,70,False,False,False,,,,Extracted,/GraphData/Items/477
561,e81cb265-94fd-480f-a091-c4b58d4ff74e,29ba7254-3555-42f1-9bc3-1d47b27300c2,SupplierMgmt_ComponentObject,Component,Record Object,Relationship,,Relationship,Reference,Supplier Relationship,156,False,False,False,2,True,CompontInvolved,Extracted,/GraphData/Items/122
1648,9c280246-d638-4f60-94d4-3c8b6dc1988f,1ee31142-5858-4293-b407-94ad975bc505,SupplierMgmt_ParentCompnyObject,Supplier Parent Company,Record Object,RelatStartDate,RelatStartDate,Relationship Start Date,Scalar,Date,150,False,True,False,,,,Extracted,/GraphData/Items/346
481,28833b3e-59a7-4b4a-886c-747a75a8350b,28449d7f-41d9-4606-b5ac-0cb8a966919e,ProductMgmt_SupItemRevisionObject,Supplier Item Revision,Record Object,RemoveSupplier,,Removed Supplier,Reference,Supplier Item Status,484,False,False,False,2,True,,Extracted,/GraphData/Items/91
1309,ba48b087-ace4-4ecc-a8cc-2f85ac529284,721e6b4d-fc6e-4745-a38f-28649641199c,SupplierMgmt_DocRequirementObject,Documentation Requirement,Record Object,RequirementDesc,RequirementDesc,Requirement Description,Scalar,Text,70,False,False,False,,,,Extracted,/GraphData/Items/257
2845,51c08c08-efac-4d80-91e2-1da4dec65841,861a96d6-d719-4daa-9181-9762fdc94dae,SupplierMgmt_CertRequirementObject,Certification Requirement,Record Object,RequirementDesc,RequirementDesc,Requirement Description,Scalar,Text,70,False,False,False,,,,Extracted,/GraphData/Items/595
608,7a8ad59d-40b5-47a8-b614-c39335d21bee,ae80a4a1-ebd7-4fc7-88aa-1997badf02be,SupplierMgmt_SupConResponsibObject,Supplier Contact Responsibilities,Record Object,Responsibility,Responsibility,Responsibility,Scalar,Text,70,False,True,False,,,,Extracted,/GraphData/Items/136
973,82137d25-4742-4b16-93e2-f8de3a3121bb,52fe2e60-d465-4e61-91e3-164a2661d619,SupplierMgmt_DocRequirementObject,Documentation Requirement,Record Object,Responsibility,,Responsibility,Reference,Supplier Contact Responsibilities,601,False,False,False,2,True,,Extracted,/GraphData/Items/165
2851,83ca5ef4-c59c-420b-b069-68f65e51c2b2,dc8ec1c1-e51f-4621-b705-b8654235ba5a,SupplierMgmt_CertRequirementObject,Certification Requirement,Record Object,Responsibility,,Responsibility,Reference,Supplier Contact Responsibilities,601,False,False,False,2,True,,Extracted,/GraphData/Items/598
2912,adbc3ea7-d5fd-42a5-b89a-8c68d61014d9,3cef4095-fff4-46d1-8968-a1a8e9e9f658,SupplierMgmt_DocLibraryObject,Documentation,Record Object,Responsibility,,Responsibility,Reference,Supplier Contact Responsibilities,601,False,False,False,2,True,,Extracted,/GraphData/Items/624
3072,d89bf64f-6eec-4b04-8c7d-b74ee51069c2,802b85cc-ace5-43a7-a258-fa86b9065baf,SupplierMgmt_CertLibraryObject,Certification,Record Object,Responsibility,,Responsibility,Reference,Supplier Contact Responsibilities,601,False,False,False,2,True,,Extracted,/GraphData/Items/686
2542,6785695a-4c14-4ad9-9961-d16835e7ffd1,8831d1a8-445b-4f29-9fd6-697e7a7dcc34,SupplierMgmt_SupplierContactObject,Supplier Contact,Record Object,ResponsibleFor,,Responsibilities,Reference,Supplier Contact Responsibilities,601,False,False,False,,True,SupContacts,Extracted,/GraphData/Items/535
2269,dbc82047-ebc5-454f-987b-143a41dd4d07,6dd4ff68-5865-46cd-ab9a-97c6c2df0058,SupplierMgmt_AuditHistoryObject,Audit History,Record Object,Result,,Result,Reference,SupplierMgmt - AuditHistory_Result,2874,False,True,False,2,True,,Extracted,/GraphData/Items/425
2951,176e6813-329a-423c-9a05-39c9712fe499,aac8a69b-8bba-4a87-b24a-aa4df0092c05,ProductMgmt_SupplierItemObject,Supplier Item,Record Object,RevisionCount,RevisionCount,Revision Count,Scalar,Number,2750,False,False,False,,,,Extracted,/GraphData/Items/640
2205,46e3d557-a944-4275-9764-32575df4f213,bce3b168-6c6e-4d58-aa13-9463310124f3,ProductMgmt_SupItemRevisionObject,Supplier Item Revision,Record Object,RevisionNumber,RevisionNumber,Revision,Scalar,Number,2750,False,False,False,,,,Extracted,/GraphData/Items/398
1096,5e0fb345-be23-4b75-9eec-f06ce9bae006,93bdef73-7f3f-4f9b-84c9-1de157cdceb7,ProductMgmt_SupItemRevisionObject,Supplier Item Revision,Record Object,RevTypeObs,,Revision Type (Obsolete or Initiate Change),Reference,Revision Type,1099,False,False,False,2,True,,Extracted,/GraphData/Items/209
2194,b5247832-2afe-4afa-8fee-542019eeff57,f2a4eeff-6d62-418b-94e4-c0b67e0edccc,ProductMgmt_SupItemRevisionObject,Supplier Item Revision,Record Object,RevTypeReAct,,Revision Type (Reactivate),Reference,Revision Type,1099,False,False,False,2,True,,Extracted,/GraphData/Items/393
1922,e94024c5-0a33-4bd7-99ac-0071169337ed,1dfc7b08-f293-4ccb-b873-a1c773775b6b,ProductMgmt_SupItemRevisionObject,Supplier Item Revision,Record Object,RevTypeReport,,Revision Type (Reporting),Reference,Revision Type,1099,False,False,False,2,True,,Extracted,/GraphData/Items/384
2412,4f3aaa62-86a3-43cd-b6cb-b42fd8b7f7f6,97ff157f-33c6-4b75-8a1b-8171c36cb183,SupplierMgmt_SupAbstractObject,Supplier Abstract,Record Object,SCARs,,SCARs,Reference,SCAR,587,False,False,False,2,False,Supplier,Extracted,/GraphData/Items/478
2429,4206d2aa-28e5-454b-beb7-abaeac513f4e,cd8f2123-36ea-4cbb-8707-5a2e4e43d0e3,SupplierMgmt_SupAbstractObject,Supplier Abstract,Record Object,Score,Score,Score,Scalar,Float,1245,False,False,False,,,,Extracted,/GraphData/Items/484
1551,98c58971-63f4-45d0-9a30-878c83cbf50d,3455e416-48ed-4274-8c38-c3adbddb23ad,ProductMgmt_AttributeValueObject,Attribute Value,Record Object,SIRevHelper,,Supplier Item Revision Helper,Reference,Supplier Item Revision,174,False,False,False,2,True,,Extracted,/GraphData/Items/313
1549,7a95c528-9ef9-48cb-8b77-d743f2cecc72,5c97f6ea-b33e-4270-8d2f-381811a8f9e0,ProductMgmt_AttributeValueObject,Attribute Value,Record Object,SIRevHelperID,SIRevHelperID,Supplier Item Revision Helper Id,Scalar,Guid,500,False,False,True,,,,Extracted,/GraphData/Items/312
1937,3e96f6c0-a71c-460f-97b4-5261b6e4d527,9dd9e4ec-b17c-4d33-a4ab-8d6f985a1374,ProductMgmt_SupItemRevisionObject,Supplier Item Revision,Record Object,StartWorkflow,StartWorkflow,Start Workflow,Scalar,Yes/No,243,False,False,False,,,,Extracted,/GraphData/Items/386/GraphData/Items/4
1893,6abefd53-c4e2-46fb-9f32-b94a69954fd1,949bdc10-f9b3-44cd-804c-6d47b44b512c,SupplierMgmt_SupAbstractObject,Supplier Abstract,Record Object,Street,Street,Street,Scalar,Text,70,False,True,False,,,,Extracted,/GraphData/Items/374
2404,166c4dd6-e35f-450d-b1c6-83b5ba22d1f4,1670e671-1e1f-441e-af65-b24648b403e8,SupplierMgmt_SupAbstractObject,Supplier Abstract,Record Object,SupCategory,,Supplier Category,Reference,Supplier Category,215,False,True,False,2,True,,Extracted,/GraphData/Items/475
1101,77cbe5e5-f418-4d3e-ba3e-1be092c8e4eb,c3be4eaa-d8b2-4c97-b1e5-1dfbfa7d4881,SupplierMgmt_CertRequirementObject,Certification Requirement,Record Object,SupComments,SupComments,SupComments,Scalar,Text,70,False,False,False,,,,Extracted,/GraphData/Items/211
2826,cd07bea5-c8d6-47d1-a1fb-4d47be32d962,bfc965b5-4b5b-467f-b23a-8b1f484a48c9,SupplierMgmt_CertRequirementObject,Certification Requirement,Record Object,SupCommHelper,SupCommHelper,SupCommHelper,Scalar,Yes/No,243,False,False,False,,,,Extracted,/GraphData/Items/587
610,8945058f-e8dd-458f-9d55-9a8189a61449,2958bab9-b8d7-48ac-893e-411ea28e4622,SupplierMgmt_SupConResponsibObject,Supplier Contact Responsibilities,Record Object,SupContacts,,Supplier Contacts,Reference,Supplier Contact,141,False,False,False,3,False,ResponsibleFor,Extracted,/GraphData/Items/137
1237,7d59b437-d53f-4ebd-b602-c050291c3798,6e31289f-5b30-47c9-bc66-235799c27a24,SupplierMgmt_SupAbstractObject,Supplier Abstract,Record Object,SupContacts,,Supplier Contacts,Reference,Supplier Contact,141,False,False,False,3,False,Suppliers,Extracted,/GraphData/Items/230
2418,1a91d0f2-8dde-475c-bef1-df972d89caa7,4fb688df-a4bd-4b6d-9f42-e21d3003d56a,SupplierMgmt_SupAbstractObject,Supplier Abstract,Record Object,SupEvaluations,,Supplier Evaluations,Reference,Supplier Evaluation,42,False,False,False,,False,SupplierAbs,Extracted,/GraphData/Items/480
1523,17bf4036-7a80-400f-855e-0ff47566fdaa,9db1dec2-f731-4144-9961-6a6a83d1440c,SupplierMgmt_FacProfileObject,Facility Profile,Record Object,SupFacilities,,Supplier Facilities,Reference,Supplier Facility,20,False,False,False,,False,FacProfiles,Extracted,/GraphData/Items/302
551,fa6f8775-91c7-486a-98dc-f40fd67d04c8,36cd6a06-5835-459a-9ed0-2df4a3248356,SupplierMgmt_ComponentObject,Component,Record Object,SupItem,,Supplier Goods/Service,Reference,Provisioned Good/Service,1191,False,False,False,2,True,Components,Extracted,/GraphData/Items/119
518,0394159b-73ee-44d1-8426-c7d989f0c2b5,bc4be15d-c635-4c36-8bd8-72e835de92fc,ProductMgmt_SupItemRevisionObject,Supplier Item Revision,Record Object,SupItemAttrVals,,Supplier Item Attribute Values,Reference,Supplier Item Attribute Value,245,False,False,False,2,False,SupItemRevision,Extracted,/GraphData/Items/105
565,bfda75c3-72ee-46c5-851f-7d59045df0c7,c410786a-d708-4270-90a4-403e583a2dab,SupplierMgmt_ComponentObject,Component,Record Object,SupItemPart,,Supplier Goods/Service Part,Reference,Supplier Item Level N,1867,False,False,False,2,True,IncludedIn,Extracted,/GraphData/Items/123
1022,7968a10b-60e6-476d-b430-74a380a79556,7ee33329-5754-440d-9357-1afc76890e82,SupplierMgmt_PublicProfileObject,Public Profile,Record Object,SupItemRevision,,Supplier Item Revision,Reference,Supplier Item Revision,174,False,False,False,,True,SuppClone,Extracted,/GraphData/Items/179
1048,0793eb95-203a-4b9c-b533-4d1153da10b3,878c0076-2818-4671-909e-2065a8235e4c,SupplierMgmt_PublicProfileObject,Public Profile,Record Object,SupItems,,Provisioned Goods/Service,Reference,Provisioned Good/Service,1191,False,False,False,,False,PublicProfile,Extracted,/GraphData/Items/189
1885,b394a1d2-b969-4ac0-9f3c-2cd891cabf4f,6acf4619-ce24-4b5c-99f3-5f4ff47ef536,ProductMgmt_SupItemRevisionObject,Supplier Item Revision,Record Object,SupItemStatHelp,SupItemStatHelp,Supplier Item Status Helper,Scalar,Yes/No,243,False,False,False,,,,Extracted,/GraphData/Items/370
1882,a23ed494-0285-42fb-b742-37f8b94e92cf,ba30bb44-6b22-4c2d-8610-5698e79d34e9,ProductMgmt_SupplierItemObject,Supplier Item,Record Object,SupItemStatus,,Supplier Item Status,Reference,Product Management - Status,1103,False,False,False,2,True,,Extracted,/GraphData/Items/369
988,93bf1f93-07a9-4a4e-b7ef-00f065cac1e1,bc751f66-6298-44e9-86b3-17546859d90a,ProductMgmt_SupItemRevisionObject,Supplier Item Revision,Record Object,SuppClone,,Supplier Clone,Reference,Public Profile,48,False,False,False,2,False,SupItemRevision,Extracted,/GraphData/Items/171
169,183e239c-2f2a-44cf-8ffd-b76db28aab75,16106e5b-ee98-4c21-b4d2-02e21482dd92,ProductMgmt_SupplierItemObject,Supplier Item,Record Object,SuppCurrentRev,,Supplier Current Revision,Reference,Supplier Item Revision,174,False,False,False,2,True,,Extracted,/GraphData/Items/39
2476,38958539-bd0f-431d-99d7-4c9822520258,32eddc3c-760b-4284-afd2-a1f0aa39b9bb,ProductMgmt_SupplierItemObject,Supplier Item,Record Object,SuppCurrentRevID,SuppCurrentRevID,Supplier Current Revision Id,Scalar,Guid,500,False,False,True,,,,Extracted,/GraphData/Items/505
1079,064b26e4-4995-4908-8f1a-bbe9534f83d5,088cf169-d853-46cb-ab2e-9e4cf6089043,ProductMgmt_SupplierItemObject,Supplier Item,Record Object,SuppItemRevs,,Supplier Item Revisions,Reference,Supplier Item Revision,174,False,False,False,,False,SupplierItem,Extracted,/GraphData/Items/201
2956,2c980b42-db13-4009-a14d-7be632004ac3,3265ac4e-c666-41bf-86f2-accb72742a89,ProductMgmt_SupplierItemObject,Supplier Item,Record Object,SupplieProfiles,,Supplier Public Profiles,Reference,Public Profile,48,False,False,False,3,True,,Extracted,/GraphData/Items/642
3058,ecf80749-24e0-4c24-b450-42989790ace0,20803ac4-d5a4-461e-afd9-e23ec5cf6a28,CAR_SCARObject,SCAR,Record Object,Supplier,,Supplier,Reference,Supplier Abstract,64,False,True,False,,True,SCARs,Extracted,/GraphData/Items/680
326,e24ac8bd-4681-479d-99b7-1a5ad4165456,08f055ed-478c-409e-bb01-1fed994d6216,SupplierMgmt_DocRequirementObject,Documentation Requirement,Record Object,SupplierAbs,,Supplier,Reference,Supplier Abstract,64,False,True,False,2,True,DocReqs,Extracted,/GraphData/Items/77/GraphData/Items/11
710,91d0453f-0937-4a38-b829-c68891572eee,99f56517-b490-4a21-8bef-9f48e2e9a5c6,SupplierMgmt_CertRequirementObject,Certification Requirement,Record Object,SupplierAbs,,Supplier,Reference,Supplier Abstract,64,False,True,False,2,True,CertReqs,Extracted,/GraphData/Items/146/GraphData/Items/16
1037,71e963dd-ef37-4df7-b343-29fe540fc2c4,6acf6cd6-371f-4031-bc62-421497175e1b,SupplierMgmt_PublicProfileObject,Public Profile,Record Object,SupplierAbs,,Supplier Abstract,Reference,Supplier Abstract,64,False,False,False,2,True,PublicProfiles,Extracted,/GraphData/Items/185
1585,edcb77c5-fbc8-488a-a47a-6a36d9f55fbd,1ca609d9-4e67-4160-b602-feeb40539e11,SupplierMgmt_SupEvaluationObject,Supplier Evaluation,Record Object,SupplierAbs,,Supplier Abstract,Reference,Supplier Abstract,64,False,False,False,2,True,SupEvaluations,Extracted,/GraphData/Items/326
2490,87cd27ef-d9be-4c29-b7f1-8db230b7d141,a8e21ea4-4cfd-422e-868f-6fd98a967792,SupplierMgmt_PublicProfileObject,Public Profile,Record Object,SupplierAbsId,SupplierAbsID,Supplier Abstract Id,Scalar,Guid,500,False,False,True,,,,Extracted,/GraphData/Items/512
2893,583b41e5-09e0-43aa-9e84-eac45131362e,ce4db4ca-be50-4b25-9fac-9f8054f46fee,SupplierMgmt_CertRequirementObject,Certification Requirement,Record Object,SupplierAbsId,SupplierAbsID,Supplier Id,Scalar,Guid,500,False,True,True,,,,Extracted,/GraphData/Items/617
573,f38c146f-f7ef-4fac-8f07-b055da12c590,7beb5131-f7a3-46c9-8b97-2b8c9df4a943,SupplierMgmt_ComponentObject,Component,Record Object,SupplierAddress,SupplierAddress,Supplier Address,Scalar,Text,70,False,False,False,,,,Extracted,/GraphData/Items/125
1015,931b3c67-b7ab-472f-b014-3030b6df6f5b,7a9fed33-f701-4062-8aea-bc254558cc6c,SupplierMgmt_PublicProfileObject,Public Profile,Record Object,SupplierID,SupplierID,Supplier ID,Scalar,Text,70,False,False,False,,,,Extracted,/GraphData/Items/176
1206,10af5b6d-681f-4160-bfac-15c701f1784e,c0dd8d18-1a82-4583-bec5-5582759a7f8c,SupplierMgmt_SupAbstractObject,Supplier Abstract,Record Object,SupplierID,SupplierID,Supplier ID,Scalar,Text,70,False,True,False,,,,Extracted,/GraphData/Items/221
1075,045874cc-4b72-4cc6-b229-32ecabdd692d,0716406c-a5a0-458b-94ae-38147bfa5621,ProductMgmt_SupItemRevisionObject,Supplier Item Revision,Record Object,SupplierItem,,Supplier Item,Reference,Supplier Item,172,False,False,False,2,True,SuppItemRevs,Extracted,/GraphData/Items/200
1030,24666acb-8cb5-4066-a380-5c564cbfe44f,8c27aac0-56f9-4b6f-87a8-fa4cdc769df4,SupplierMgmt_PublicProfileObject,Public Profile,Record Object,SupplierItems,,Supplier Items,Reference,Supplier Item,172,False,False,False,,False,CompPP,Extracted,/GraphData/Items/182
549,4e39eb49-c4dd-4c5a-b231-9160b544f2b0,66393aa7-d81a-47ed-830c-cb5bd3a3cb21,SupplierMgmt_ComponentObject,Component,Record Object,SupplierName,SupplierName,Supplier Name,Scalar,Text,70,False,False,False,,,,Extracted,/GraphData/Items/118
131,457ac29b-7cd1-4c81-a34e-87c247370baa,11af8d22-6dcf-4fb4-9f7e-009e5ca0adfb,FragApplication_ProductObject,Product Abstract,Record Object,Suppliers,,Suppliers,Reference,Business Directory,135,False,False,False,3,True,ProducAbstracts,Extracted,/GraphData/Items/23
1056,3fdd1bb3-e813-4b73-9266-24c56c5335f8,2ddca627-c9ae-4bcd-9549-c34d131749de,SupplierMgmt_PublicProfileObject,Public Profile,Record Object,Suppliers,,Suppliers,Reference,Supplier Relationship,156,False,False,False,2,False,Customer,Extracted,/GraphData/Items/192
1279,c3f46173-7677-4e67-993a-5ae3cc909875,5e955566-8e3d-4dce-88ac-fc4986eced6a,FragApplication_GeographyObject,Geography,Record Object,Suppliers,,Suppliers,Reference,Supplier Abstract,64,False,False,False,,False,Geography,Extracted,/GraphData/Items/245
2524,e3f678c0-ef8b-4fcc-b52a-3cd69785956b,2d3d1901-8f9a-4eda-b383-7adca02cd127,SupplierMgmt_SupplierContactObject,Supplier Contact,Record Object,Suppliers,,Suppliers,Reference,Supplier Abstract,64,False,False,False,,True,SupContacts,Extracted,/GraphData/Items/528
2407,efe0a44e-d45f-4530-8cc3-9c3ab954890c,b1be1e8a-3746-4f20-9177-cc6403f180fd,SupplierMgmt_SupAbstractObject,Supplier Abstract,Record Object,SupplierStatus,,Supplier Status,Reference,SupplierMgmt_Supplier Status,2709,False,True,False,2,True,,Extracted,/GraphData/Items/476
1045,1c1c3914-de77-4243-a4bf-5d75edd12a67,3bec67fb-d94d-4758-9c6a-ad3ad290d125,SupplierMgmt_PublicProfileObject,Public Profile,Record Object,SupplierType,,SupplierType,Reference,SupplierMgmt_Supplier Type,1086,False,False,False,2,True,,Extracted,/GraphData/Items/188
2399,0d10c06d-bfcf-464c-a801-2e756c232f32,b158d0ab-3a18-4d54-a274-bee94c814b8b,SupplierMgmt_SupAbstractObject,Supplier Abstract,Record Object,SupplierType,,Supplier Type,Reference,SupplierMgmt_Supplier Type,1086,False,False,False,2,True,,Extracted,/GraphData/Items/473
2872,e0d08037-22f8-488f-a815-23e93e516d03,14619ea3-d820-4d6d-9cdc-9eed34aafabe,ProductMgmt_SupplierItemObject,Supplier Item,Record Object,SuppPartNumber,SuppPartNumber,Supplier Part Number,Scalar,Text,70,False,True,False,,,,Extracted,/GraphData/Items/607
1863,60d81ee3-cc89-4829-8b47-381956d72c0d,58479dbd-2474-4346-9069-40115fa6de8f,SysWorkflowStageEntity,Workflow Stage,Record Object,SystemName,SystemName,System Name,Scalar,Text,70,False,True,False,,,,Extracted,/GraphData/Items/360
2373,1c27780e-d455-4247-acde-789afd8f6731,58416044-52f8-41de-8987-93af612f91e4,ComplyFramework_CARAbstractObject,CAR Abstract,Record Object,TeamMembers,,Team Members,Reference,Employee,66,False,False,False,3,True,CARAbstracts,Extracted,/GraphData/Items/462
1319,40902800-4d30-4164-966d-df78f5e5d9d1,c07eeab7-2605-433c-8623-29eae4f1de26,FragApplication_AbsLookupValueObject,Abstract Lookup Value,Record Object,TextColor,,Text-Color,Reference,Color,1322,False,False,False,2,True,,Extracted,/GraphData/Items/262
516,17028a02-e932-4c8a-b5af-eaf4fffe51d9,73ef9832-b373-4fad-a9ff-b74a20a3508c,ProductMgmt_SupItemRevisionObject,Supplier Item Revision,Record Object,ValidateAtts,ValidateAtts,Validate Attributes,Scalar,Yes/No,243,False,False,False,,,,Extracted,/GraphData/Items/104
522,ce49c719-b8ed-4254-96f0-d80a06abf24d,92cb4761-bdf9-4298-a594-60fe74665346,ProductMgmt_SupItemAttrValObject,Supplier Item Attribute Value,Record Object,ValidateSpecs,ValidateSpecs,Validate Specs,Scalar,Yes/No,243,False,False,False,,,,Extracted,/GraphData/Items/106
2267,92afc706-c9fd-4f89-ae3d-7e8a809e70c2,8f9e208a-abb3-4d18-a20c-99c19cecfb77,SupplierMgmt_AuditHisResultObject,SupplierMgmt - AuditHistory_Result,Lookup Object,Value,Value,Value,Scalar,Text,70,False,True,False,,,,Extracted,/GraphData/Items/424
2972,2fbdc83d-9695-446b-aaf7-466771605539,ccf41dfb-7366-444b-8873-ec1a0ade08cd,SupplierMgmt_SupplierStatusObject,SupplierMgmt_Supplier Status,Lookup Object,Value,Value,Value,Scalar,Text,70,False,True,False,,,,Extracted,/GraphData/Items/646
2386,a460a756-02d8-4f88-8e08-46adad4e7504,b9310837-adcf-4fa7-bcae-f549c2f2868d,SupplierMgmt_SupAbstractObject,Supplier Abstract,Record Object,Website,Website,Website,Scalar,URL,1887,False,False,False,,,,Extracted,/GraphData/Items/467
2484,90cd2f39-fec5-4b2d-9d28-9744fdc0a09c,22ccfc00-3c84-4bb1-a2a1-5c4936aeba81,ComplyFramework_CARAbstractObject,CAR Abstract,Record Object,WFDateHelper,WFDateHelper,WF Date Helper,Scalar,Date,150,False,False,False,,,,Extracted,/GraphData/Items/509
2437,5277f66f-d621-49e0-b14d-b2733d8cc83c,2b07eec1-356c-46f5-a913-faac88595458,SupplierMgmt_SupAbstractObject,Supplier Abstract,Record Object,WFHelper,WFHelper,WFHelper,Scalar,Number,2750,False,False,False,,,,Extracted,/GraphData/Items/488
2860,e49cd0c2-6755-40fb-a912-b8cde2b1766f,44b7730e-f846-420d-9de0-e26dcb7d2743,SupplierMgmt_CertRequirementObject,Certification Requirement,Record Object,WFHelper,WFHelper,WFHelper,Scalar,Number,2750,False,False,False,,,,Extracted,/GraphData/Items/602
162,375b65aa-38dd-43b6-ace4-905db9e2fc09,c718ff73-53b5-4f13-867f-3f034f4475ed,SupplierMgmt_SupAbstractObject,Supplier Abstract,Record Object,Workflow,,Workflow,Reference,Workflow Instance,1859,False,False,True,2,True,,Extracted,/GraphData/Items/36
200,879833ce-c882-4d1e-b4b2-56b45e3e355f,86097f2f-3511-434f-9136-518b6476f2d8,ProductMgmt_SupItemRevisionObject,Supplier Item Revision,Record Object,Workflow,,Workflow,Reference,Workflow Instance,1859,False,False,True,2,True,,Extracted,/GraphData/Items/50
1877,0dc458e1-e2ca-4d11-8a39-3216d2bba702,c59c8b81-4505-4a89-9ea5-41e2f944d31c,ComplyFramework_CARAbstractObject,CAR Abstract,Record Object,Workflow,,Workflow,Reference,Workflow Instance,1859,False,False,True,2,True,,Extracted,/GraphData/Items/367
2293,4768b73b-5c14-4597-9b66-17c4ebabee4e,86e90094-6f05-4b72-906d-494397bce9e3,SupplierMgmt_CertRequirementObject,Certification Requirement,Record Object,Workflow,,Workflow,Reference,Workflow Instance,1859,False,False,True,2,True,,Extracted,/GraphData/Items/432
2734,4e005c90-a447-4650-a36a-5c908870855b,da840f03-b903-46bf-b922-764e31c73281,SupplierMgmt_DocRequirementObject,Documentation Requirement,Record Object,Workflow,,Workflow,Reference,Workflow Instance,1859,False,False,True,2,True,,Extracted,/GraphData/Items/569
198,e082ebf7-344c-4215-a8e5-ae1f4e77937f,a1a0f7c5-8719-48c9-84a1-6ac5b5e0f84c,SysWorkflowInstanceEntity,Workflow Instance,Record Object,WorkflowStatus,WorkflowStatus,Workflow Status,Scalar,Workflow  Status  Type,2502,False,True,False,,,,Extracted,/GraphData/Items/49
