junction_internal_name,source_internal_name,declaring_field,target_internal_name,cardinality,relation_name,stable_metadata_id,classification
SupplierMgmt_FacilityFacProfilesToSupplierMgmt_FacProfileMapObject,SupplierMgmt_FacilityObject,FacProfiles,SupplierMgmt_FacProfileObject,0..* to 0..*,Facility - FacProfile (m:n) (via SupplierMgmt_FacilityFacProfilesToSupplierMgmt_FacProfileMapObject),,Extracted name and m:n implementation; stable ID not exported
SupplierMgmt_FacProfileCertificationsToSupplierMgmt_CertLibraryMapObject,SupplierMgmt_CertLibraryObject,FacProfiles,SupplierMgmt_FacProfileObject,0..* to 0..*,FacProfile - CertLibrary (m:n) (via SupplierMgmt_FacProfileCertificationsToSupplierMgmt_CertLibraryMapObject),,Extracted name and m:n implementation; stable ID not exported
SupplierMgmt_ItemCategoryDocumentsToSupplierMgmt_DocLibraryMapObject,SupplierMgmt_DocLibraryObject,ItemCategories,SupplierMgmt_ItemCategoryObject,0..* to 0..*,ItemCategory - DocLibrary (m:n) (via SupplierMgmt_ItemCategoryDocumentsToSupplierMgmt_DocLibraryMapObject),,Extracted name and m:n implementation; stable ID not exported
SupplierMgmt_ItemCategoryCertificatesToSupplierMgmt_CertLibraryMapObject,SupplierMgmt_CertLibraryObject,ItemCategories,SupplierMgmt_ItemCategoryObject,0..* to 0..*,ItemCategory - CertLibrary (m:n) (via SupplierMgmt_ItemCategoryCertificatesToSupplierMgmt_CertLibraryMapObject),,Extracted name and m:n implementation; stable ID not exported
ProductMgmt_SupItemRevisionPublicProfilesToSupplierMgmt_PublicProfileMapObject,ProductMgmt_SupItemRevisionObject,PublicProfiles,SupplierMgmt_PublicProfileObject,0..* to 0..*,SupItemRevision - PublicProfile (m:n) (via ProductMgmt_SupItemRevisionPublicProfilesToSupplierMgmt_PublicProfileMapObject),,Extracted name and m:n implementation; stable ID not exported
SupplierMgmt_SupplierContactResponsibleForToSupplierMgmt_SupConResponsibMapObject,SupplierMgmt_SupConResponsibObject,SupContacts,SupplierMgmt_SupplierContactObject,0..* to 0..*,SupplierContact - SupConResponsib (m:n) (via SupplierMgmt_SupplierContactResponsibleForToSupplierMgmt_SupConResponsibMapObject),,Extracted name and m:n implementation; stable ID not exported
SupplierMgmt_SupplierContactSuppliersToSupplierMgmt_SupAbstractMapObject,SupplierMgmt_SupAbstractObject,SupContacts,SupplierMgmt_SupplierContactObject,0..* to 0..*,SupplierContact - SupAbstract (m:n) (via SupplierMgmt_SupplierContactSuppliersToSupplierMgmt_SupAbstractMapObject),,Extracted name and m:n implementation; stable ID not exported
ProductMgmt_SupplierItemSupplieProfilesToSupplierMgmt_PublicProfileMapObject,ProductMgmt_SupplierItemObject,SupplieProfiles,SupplierMgmt_PublicProfileObject,0..* to 0..*,SupplierItem - PublicProfile (m:n) (via ProductMgmt_SupplierItemSupplieProfilesToSupplierMgmt_PublicProfileMapObject),,Extracted name and m:n implementation; stable ID not exported
FragApplication_ProductSuppliersToFragApplication_BusineDirectoryMapObject,FragApplication_ProductObject,Suppliers,FragApplication_BusineDirectoryObject,0..* to 0..*,Product - BusineDirectory (m:n) (via FragApplication_ProductSuppliersToFragApplication_BusineDirectoryMapObject),,Extracted name and m:n implementation; stable ID not exported
ComplyFramework_CARAbstractTeamMembersToSetup_EmployeeMapObject,ComplyFramework_CARAbstractObject,TeamMembers,SysEmployeeEntity,0..* to 0..*,CARAbstract - Employee (m:n) (via ComplyFramework_CARAbstractTeamMembersToSetup_EmployeeMapObject),,Extracted name and m:n implementation; stable ID not exported
