source_object,source_internal_name,declaring_field,field_stable_metadata_id,target_object,target_internal_name,target_kind,cardinality,required,reverse_property,relation_type_code,relation_name,junction_object,canonical,inverse_field_graph_node_id,evidence,classification
Documentation Requirement,SupplierMgmt_DocRequirementObject,Approver,800d45d9-a60b-49b1-89c4-4bdc8530c9da,Employee,SysEmployeeEntity,Record Object,0..* to 0..1,False,,2,cusSupplierMgmt_DocRequirement_fk_ApproverID,,True,,/GraphData/Items/60; Type edge in graph relation,Inferred (foreign-key start; lower bound extracted)
Certification Requirement,SupplierMgmt_CertRequirementObject,Approver,80db732f-e637-417f-a94f-c5e20bc89ae5,Employee,SysEmployeeEntity,Record Object,0..* to 0..1,False,,2,cusSupplierMgmt_CertRequirement_fk_ApproverID,,True,,/GraphData/Items/146/GraphData/Items/37; Type edge in graph relation,Inferred (foreign-key start; lower bound extracted)
Certification Requirement,SupplierMgmt_CertRequirementObject,AssignedTo,b0b2d91c-9bbb-445b-8b15-47eb3538fd43,Supplier Contact,SupplierMgmt_SupplierContactObject,Record Object,0..* to 0..1,False,,2,cusSupplierMgmt_CertRequirement_fk_AssignedToID,,True,,/GraphData/Items/146/GraphData/Items/28; Type edge in graph relation,Inferred (foreign-key start; lower bound extracted)
CAR Abstract,ComplyFramework_CARAbstractObject,Assignee,276f5dc2-905e-4416-ac46-e22e51ddcdc1,Employee,SysEmployeeEntity,Record Object,0..* to 1..1,True,,2,cusComplyFramework_CARAbstract_fk_AssigneeId,,True,,/GraphData/Items/536/GraphData/Items/19; Type edge in graph relation,Inferred (foreign-key start; lower bound extracted)
Attribute Value,ProductMgmt_AttributeValueObject,Attribute,a71a81f3-4fe4-46d8-ae9a-e65604933628,Attribute,ProductMgmt_AttributeObject,Record Object,0..* to 0..1,False,,2,cusProductMgmt_AttributeValue_fk_AttributeID,,True,,/GraphData/Items/629; Type edge in graph relation,Inferred (foreign-key start; lower bound extracted)
Item Revision,ProductMgmt_ItemRevisionObject,AttributeValues,ee570b51-f3c3-46ef-b901-8cc22a2503e7,Attribute Value,ProductMgmt_AttributeValueObject,Record Object,Unresolved,False,ItemRevision,2,cusProductMgmt_AttributeValue_fk_ItemRevisionID,,True,,/GraphData/Items/168; Type edge in graph relation,Unresolved cardinality: inverse field is not exported
Certification Requirement,SupplierMgmt_CertRequirementObject,AuditHistories,36e32082-b0cd-4193-b08a-560941bc4e75,Audit History,SupplierMgmt_AuditHistoryObject,Record Object,0..1 to 0..*,False,CertReq,2,cusSupplierMgmt_AuditHistory_fk_CertReqID,,True,2930,/GraphData/Items/583; Type edge in graph relation,Inferred (foreign-key reverse collection; lower bound from inverse)
Abstract Lookup Value,FragApplication_AbsLookupValueObject,BGColor,a56a641e-d5d3-4753-8f3c-3915dc35714a,Color,FragApplication_ColorObject,Record Object,0..* to 0..1,False,,2,cusFragApplication_AbsLookupValue_fk_BGColorID,,True,,/GraphData/Items/661; Type edge in graph relation,Inferred (foreign-key start; lower bound extracted)
Provisioned Good/Service,SupplierMgmt_SupplierItemObject,Category,63d98207-943f-4bb5-8014-9a656b1d9a11,Good/Service Category,SupplierMgmt_ItemCategoryObject,Record Object,0..* to 0..1,False,,2,cusSupplierMgmt_SupplierItem_fk_CategoryID,,True,,/GraphData/Items/277; Type edge in graph relation,Inferred (foreign-key start; lower bound extracted)
Item,ProductMgmt_ItemObject,Category,01af26f3-b217-4141-a2c9-ec1e54445df2,Good/Service Category,SupplierMgmt_ItemCategoryObject,Record Object,0..* to 1..1,True,PMItems,2,cusProductMgmt_Item_fk_CategoryID,,True,,/GraphData/Items/436; Type edge in graph relation,Inferred (foreign-key start; lower bound extracted)
Supplier Item,ProductMgmt_SupplierItemObject,Category,26a59d4a-e9fc-47a4-870f-ebf4fd19d834,Good/Service Category,SupplierMgmt_ItemCategoryObject,Record Object,0..* to 0..1,False,,2,cusProductMgmt_SupplierItem_fk_CategoryID,,True,,/GraphData/Items/644; Type edge in graph relation,Inferred (foreign-key start; lower bound extracted)
Good/Service,SupplierMgmt_ItemObject,Category,36c6351c-86d9-4de6-8cf9-030f52829e33,Good/Service Category,SupplierMgmt_ItemCategoryObject,Record Object,0..* to 1..1,True,Items,2,cusSupplierMgmt_Item_fk_CategoryID,,True,,/GraphData/Items/672; Type edge in graph relation,Inferred (foreign-key start; lower bound extracted)
Certification,SupplierMgmt_CertLibraryObject,CertCategory,85c73f9c-5d40-4b5c-bb47-f0b536c41d58,Certification Category,SupplierMgmt_CertCategoryObject,Record Object,0..1 to 0..*,False,Certificates,,,,False,2862,/GraphData/Items/658; Type edge in graph relation,Inferred from extracted inverse foreign-key field
Certification Requirement,SupplierMgmt_CertRequirementObject,Certificate,30a1bdc7-277a-4130-9783-7987f3cda42b,Certification,SupplierMgmt_CertLibraryObject,Record Object,0..* to 1..1,True,CertReqs,2,cusSupplierMgmt_CertRequirement_fk_CertificateID,,True,,/GraphData/Items/87; Type edge in graph relation,Inferred (foreign-key start; lower bound extracted)
Certification Category,SupplierMgmt_CertCategoryObject,Certificates,9c841a27-5aa6-4f47-880c-4609f1d8f2e8,Certification,SupplierMgmt_CertLibraryObject,Record Object,0..1 to 0..*,False,CertCategory,2,cusSupplierMgmt_CertLibrary_fk_CertCategoryID,,True,3004,/GraphData/Items/603; Type edge in graph relation,Inferred (foreign-key reverse collection; lower bound from inverse)
Facility Profile,SupplierMgmt_FacProfileObject,Certifications,c8b4eae7-093e-4556-9190-8237daf10ba4,Certification,SupplierMgmt_CertLibraryObject,Record Object,0..* to 0..*,False,FacProfiles,,,,False,486,/GraphData/Items/298; Type edge in graph relation,Inferred from extracted inverse m:n field
Audit History,SupplierMgmt_AuditHistoryObject,CertReq,d633bda2-a4e0-4e74-89f0-1e9c413cb29c,Certification Requirement,SupplierMgmt_CertRequirementObject,Record Object,0..1 to 0..*,False,AuditHistories,,,,False,2810,/GraphData/Items/631; Type edge in graph relation,Inferred from extracted inverse foreign-key field
Supplier Abstract,SupplierMgmt_SupAbstractObject,CertReqs,f9635ea5-f934-4770-a678-b20a58ab83b1,Certification Requirement,SupplierMgmt_CertRequirementObject,Record Object,1..1 to 0..*,False,SupplierAbs,2,cusSupplierMgmt_CertRequirement_fk_SupplierAbsID,,True,710,/GraphData/Items/229; Type edge in graph relation,Inferred (foreign-key reverse collection; lower bound from inverse)
Certification,SupplierMgmt_CertLibraryObject,CertReqs,22d39a3c-e319-4af8-b99e-937ed9c289a0,Certification Requirement,SupplierMgmt_CertRequirementObject,Record Object,1..1 to 0..*,False,Certificate,,,,False,471,/GraphData/Items/654; Type edge in graph relation,Inferred from extracted inverse foreign-key field
Supplier Item Revision,ProductMgmt_SupItemRevisionObject,Comments,6d198078-e669-4abe-84a6-7480533754ce,Approval Comments,ProductMgmt_ApprovaCommentsObject,Record Object,Unresolved,False,SupItemRevision,2,cusProductMgmt_ApprovaComments_fk_SupItemRevisionID,,True,,/GraphData/Items/388; Type edge in graph relation,Unresolved cardinality: inverse field is not exported
Supplier Item Revision,ProductMgmt_SupItemRevisionObject,CommentsAdd,26c00999-89ba-4d15-9590-f97734dfc7cd,Approval Comments,ProductMgmt_ApprovaCommentsObject,Record Object,0..* to 0..1,False,SuppRevisionAdd,2,cusProductMgmt_SupItemRevision_fk_CommentsAddID,,True,,/GraphData/Items/330; Type edge in graph relation,Inferred (foreign-key start; lower bound extracted)
Public Profile,SupplierMgmt_PublicProfileObject,Components,db4949c3-bfd3-466b-8154-c29c1804d66a,Component,SupplierMgmt_ComponentObject,Record Object,0..1 to 0..*,False,PublicProfile,,,,False,579,/GraphData/Items/181; Type edge in graph relation,Inferred from extracted inverse foreign-key field
Provisioned Good/Service,SupplierMgmt_SupplierItemObject,Components,b1438c01-f8af-45bf-bccf-b8f709cba1af,Component,SupplierMgmt_ComponentObject,Record Object,0..1 to 0..*,False,SupItem,,,,False,551,/GraphData/Items/237; Type edge in graph relation,Inferred from extracted inverse foreign-key field
Supplier Item,ProductMgmt_SupplierItemObject,CompPP,b76afeab-d0f4-41d8-a572-fbb880d544f2,Public Profile,SupplierMgmt_PublicProfileObject,Record Object,0..* to 1..1,True,SupplierItems,2,cusProductMgmt_SupplierItem_fk_CompPPID,,True,,/GraphData/Items/99; Type edge in graph relation,Inferred (foreign-key start; lower bound extracted)
Supplier Item Revision,ProductMgmt_SupItemRevisionObject,CompPP,367a5a47-3b4d-4f0f-93a3-6b07fa16b372,Public Profile,SupplierMgmt_PublicProfileObject,Record Object,0..* to 0..1,False,,2,cusProductMgmt_SupItemRevision_fk_CompPPID,,True,,/GraphData/Items/235; Type edge in graph relation,Inferred (foreign-key start; lower bound extracted)
CAR Abstract,ComplyFramework_CARAbstractObject,CreateBy,b60e8985-feaf-4bb5-b601-11fda4bec80b,Employee,SysEmployeeEntity,Record Object,0..* to 0..1,False,,2,cusComplyFramework_CARAbstract_fk_CreateById,,True,,/GraphData/Items/536/GraphData/Items/8; Type edge in graph relation,Inferred (foreign-key start; lower bound extracted)
Supplier Abstract,SupplierMgmt_SupAbstractObject,CreatedBy,f1d41dd5-3eb6-4ada-9256-324a64cf4f53,Employee,SysEmployeeEntity,Record Object,0..* to 1..1,True,,2,cusSupplierMgmt_SupAbstract_fk_CreatedByID,,True,,/GraphData/Items/0/GraphData/Items/6; Type edge in graph relation,Inferred (foreign-key start; lower bound extracted)
Supplier Item Revision,ProductMgmt_SupItemRevisionObject,CreatedBy,dab8194a-8695-4abe-bd06-da65ce76d0eb,Employee,SysEmployeeEntity,Record Object,0..* to 1..1,True,,2,cusProductMgmt_SupItemRevision_fk_CreatedByID,,True,,/GraphData/Items/386/GraphData/Items/15; Type edge in graph relation,Inferred (foreign-key start; lower bound extracted)
Supplier Item Revision,ProductMgmt_SupItemRevisionObject,CurItemRevision,4e4aace8-8a08-4ee0-9b12-bf283551ec49,Item Revision,ProductMgmt_ItemRevisionObject,Record Object,0..* to 0..1,False,CurrSuppRevs,2,cusProductMgmt_SupItemRevision_fk_CurItemRevisionID,,True,,/GraphData/Items/382; Type edge in graph relation,Inferred (foreign-key start; lower bound extracted)
Item,ProductMgmt_ItemObject,CurrentRevision,2cb3bbdf-ba72-4364-836d-bc907bb5b2a6,Item Revision,ProductMgmt_ItemRevisionObject,Record Object,0..* to 0..1,False,,2,cusProductMgmt_Item_fk_CurrentRevisionID,,True,,/GraphData/Items/386/GraphData/Items/33; Type edge in graph relation,Inferred (foreign-key start; lower bound extracted)
Workflow Instance,SysWorkflowInstanceEntity,CurrentStage,3d6d06e9-f939-4570-8a50-96e2b0cf2e0c,Workflow Stage,SysWorkflowStageEntity,Record Object,0..* to 0..1,False,,2,sysWorkflowInstance_fk_CurrentStageID,,True,,/GraphData/Items/441; Type edge in graph relation,Inferred (foreign-key start; lower bound extracted)
Public Profile,SupplierMgmt_PublicProfileObject,Customers,7eeaa9f8-01b9-4d88-8f09-11d6af615a22,Supplier Relationship,SupplierMgmt_SupRelationshipObject,Record Object,Unresolved,False,Supplier,2,cusSupplierMgmt_SupRelationship_fk_SupplierID,,True,,/GraphData/Items/32; Type edge in graph relation,Unresolved cardinality: inverse field is not exported
Documentation,SupplierMgmt_DocLibraryObject,DocCategory,b68a955a-2ea9-40e3-8bd6-f197ad42939f,Documentation Category,SupplierMgmt_DocCategoryObject,Record Object,0..* to 0..1,False,Documents,2,cusSupplierMgmt_DocLibrary_fk_DocCategoryID,,True,,/GraphData/Items/490; Type edge in graph relation,Inferred (foreign-key start; lower bound extracted)
Supplier Abstract,SupplierMgmt_SupAbstractObject,DocReqs,32a22ffa-5cdf-4885-b34b-f5f135a2dc4a,Documentation Requirement,SupplierMgmt_DocRequirementObject,Record Object,1..1 to 0..*,False,SupplierAbs,2,cusSupplierMgmt_DocRequirement_fk_SupplierAbsID,,True,326,/GraphData/Items/483; Type edge in graph relation,Inferred (foreign-key reverse collection; lower bound from inverse)
Documentation,SupplierMgmt_DocLibraryObject,DocReqs,f4ace2fd-a309-4647-8fb2-6a3732d8d792,Documentation Requirement,SupplierMgmt_DocRequirementObject,Record Object,1..1 to 0..*,False,Document,,,,False,994,/GraphData/Items/681; Type edge in graph relation,Inferred from extracted inverse foreign-key field
Documentation Requirement,SupplierMgmt_DocRequirementObject,Document,bf0055c4-fb31-4363-8948-bafe5fd147e8,Documentation,SupplierMgmt_DocLibraryObject,Record Object,0..* to 1..1,True,DocReqs,2,cusSupplierMgmt_DocRequirement_fk_DocumentID,,True,,/GraphData/Items/173; Type edge in graph relation,Inferred (foreign-key start; lower bound extracted)
Documentation Category,SupplierMgmt_DocCategoryObject,Documents,abbd1f7c-bfee-410f-90bd-2fc86014150d,Documentation,SupplierMgmt_DocLibraryObject,Record Object,0..1 to 0..*,False,DocCategory,,,,False,2442,/GraphData/Items/581; Type edge in graph relation,Inferred from extracted inverse foreign-key field
CAR Abstract,ComplyFramework_CARAbstractObject,EffectReviewLog,49ae4d7f-6204-4781-994e-71d03edc3634,Effectiveness Review Log,CAR_EffectReviewLogObject,Record Object,Unresolved,False,CAR,2,cusCAR_EffectReviewLog_fk_CARAbstractEffectReviewLogId,,True,,/GraphData/Items/536/GraphData/Items/23; Type edge in graph relation,Unresolved cardinality: inverse field is not exported
Supplier Contact,SupplierMgmt_SupplierContactObject,Employee,d1cb9b41-5dad-493e-b527-a11e4bd4de5e,Employee,SysEmployeeEntity,Record Object,0..* to 0..1,False,,2,cusSupplierMgmt_SupplierContact_fk_EmployeeID,,True,,/GraphData/Items/28; Type edge in graph relation,Inferred (foreign-key start; lower bound extracted)
Supplier Contact,SupplierMgmt_SupplierContactObject,EmployeeHelper,9be36bd7-37e8-4920-9402-45bd5d7def8a,Employee,SysEmployeeEntity,Record Object,0..* to 0..1,False,,2,cusSupplierMgmt_SupplierContact_fk_EmployeeHelperID,,True,,/GraphData/Items/307; Type edge in graph relation,Inferred (foreign-key start; lower bound extracted)
Supplier Evaluation,SupplierMgmt_SupEvaluationObject,EvaluatedBy,74a67bf5-99de-46f9-983f-ca4a4757aecc,Employee,SysEmployeeEntity,Record Object,0..* to 1..1,True,,2,cusSupplierMgmt_SupEvaluation_fk_EvaluatedByID,,True,,/GraphData/Items/321; Type edge in graph relation,Inferred (foreign-key start; lower bound extracted)
Supplier Parent Company,SupplierMgmt_ParentCompnyObject,Facilities,97e32a44-f471-4bcc-ad65-b95e7cde55ba,Supplier Facility,SupplierMgmt_FacilityObject,Record Object,1..1 to 0..*,False,ParentCompany,2,cusSupplierMgmt_Facility_fk_ParentCompanyID,,True,2979,/GraphData/Items/355; Type edge in graph relation,Inferred (foreign-key reverse collection; lower bound from inverse)
Supplier Facility,SupplierMgmt_FacilityObject,FacilityType,a309daf0-2ef0-4ffc-a9d6-0610bfc0a4ae,SupplierMgmt_FacilityType,SupplierMgmt_FacilityTypeObject,Lookup Object,0..* to 1..1,True,,2,cusSupplierMgmt_Facility_fk_FacilityTypeID,,True,,/GraphData/Items/585; Type edge in graph relation,Inferred (foreign-key start; lower bound extracted)
Supplier Facility,SupplierMgmt_FacilityObject,FacProfiles,56e4e890-519e-4a43-a6a5-bc962d4a5242,Facility Profile,SupplierMgmt_FacProfileObject,Record Object,0..* to 0..*,False,SupFacilities,3,Facility - FacProfile (m:n) (via SupplierMgmt_FacilityFacProfilesToSupplierMgmt_FacProfileMapObject),SupplierMgmt_FacilityFacProfilesToSupplierMgmt_FacProfileMapObject,True,,/GraphData/Items/70; Type edge in graph relation,Extracted (RelationData.Type=3 and m:n label)
Certification,SupplierMgmt_CertLibraryObject,FacProfiles,11e6425b-af5c-474b-a9a2-03bc551456af,Facility Profile,SupplierMgmt_FacProfileObject,Record Object,0..* to 0..*,False,Certifications,3,FacProfile - CertLibrary (m:n) (via SupplierMgmt_FacProfileCertificationsToSupplierMgmt_CertLibraryMapObject),SupplierMgmt_FacProfileCertificationsToSupplierMgmt_CertLibraryMapObject,True,,/GraphData/Items/93; Type edge in graph relation,Extracted (RelationData.Type=3 and m:n label)
Supplier Abstract,SupplierMgmt_SupAbstractObject,Geography,26f17bd5-ecf0-4a67-8ada-0afb4f99fba5,Geography,FragApplication_GeographyObject,Record Object,0..* to 1..1,True,Suppliers,2,cusSupplierMgmt_SupAbstract_fk_GeographyID,,True,,/GraphData/Items/101; Type edge in graph relation,Inferred (foreign-key start; lower bound extracted)
SCAR,CAR_SCARObject,HelperAssignee,3ea6f97a-6f78-4673-a6c3-830ccd73769f,Employee,SysEmployeeEntity,Record Object,0..* to 1..1,True,,2,cusCAR_SCAR_fk_HelperAssigneeId,,True,,/GraphData/Items/442; Type edge in graph relation,Inferred (foreign-key start; lower bound extracted)
Supplier Item Revision,ProductMgmt_SupItemRevisionObject,IsSuppPrimary,3de08c53-2ef6-458c-9b0c-d130aacc98a8,Supplier Item Status,ProductMgmt_SupplItemStatusObject,Record Object,0..* to 0..1,False,,2,cusProductMgmt_SupItemRevision_fk_IsSuppPrimaryID,,True,,/GraphData/Items/391; Type edge in graph relation,Inferred (foreign-key start; lower bound extracted)
Provisioned Good/Service,SupplierMgmt_SupplierItemObject,Item,ec64c1d2-d900-49a5-8006-964b9a4f73cf,Good/Service,SupplierMgmt_ItemObject,Record Object,0..* to 1..1,True,SupplierItems,2,cusSupplierMgmt_SupplierItem_fk_ItemID,,True,,/GraphData/Items/126; Type edge in graph relation,Inferred (foreign-key start; lower bound extracted)
Supplier Item Revision,ProductMgmt_SupItemRevisionObject,Item,57ec3468-b5e1-46fe-9b7c-19c739b4c277,Item,ProductMgmt_ItemObject,Record Object,0..* to 0..1,False,,2,cusProductMgmt_SupItemRevision_fk_ItemID,,True,,/GraphData/Items/271; Type edge in graph relation,Inferred (foreign-key start; lower bound extracted)
Supplier Item,ProductMgmt_SupplierItemObject,Item,9aedaae8-6acb-47a8-bc87-4f99c36ad7d1,Item,ProductMgmt_ItemObject,Record Object,0..* to 0..1,False,SupplierItems,2,cusProductMgmt_SupplierItem_fk_ItemID,,True,,/GraphData/Items/386/GraphData/Items/32; Type edge in graph relation,Inferred (foreign-key start; lower bound extracted)
Item Revision,ProductMgmt_ItemRevisionObject,Item,9e311327-6433-4763-8c81-c9e8650f7503,Item,ProductMgmt_ItemObject,Record Object,0..* to 0..1,False,Revisions,2,cusProductMgmt_ItemRevision_fk_ItemID,,True,,/GraphData/Items/386/GraphData/Items/34; Type edge in graph relation,Inferred (foreign-key start; lower bound extracted)
Supplier Item Attribute Value,ProductMgmt_SupItemAttrValObject,ItemAttrVal,5856779e-b857-4c83-935b-2bb4b03ea13c,Attribute Value,ProductMgmt_AttributeValueObject,Record Object,0..* to 0..1,False,,2,cusProductMgmt_SupItemAttrVal_fk_ItemAttrValID,,True,,/GraphData/Items/611; Type edge in graph relation,Inferred (foreign-key start; lower bound extracted)
Documentation,SupplierMgmt_DocLibraryObject,ItemCategories,064dcf9c-0a3a-47ff-996e-8058f85f8c96,Good/Service Category,SupplierMgmt_ItemCategoryObject,Record Object,0..* to 0..*,False,Documents,3,ItemCategory - DocLibrary (m:n) (via SupplierMgmt_ItemCategoryDocumentsToSupplierMgmt_DocLibraryMapObject),SupplierMgmt_ItemCategoryDocumentsToSupplierMgmt_DocLibraryMapObject,True,,/GraphData/Items/621; Type edge in graph relation,Extracted (RelationData.Type=3 and m:n label)
Certification,SupplierMgmt_CertLibraryObject,ItemCategories,644b2d1d-c410-49e3-a820-1dee98df4327,Good/Service Category,SupplierMgmt_ItemCategoryObject,Record Object,0..* to 0..*,False,Certificates,3,ItemCategory - CertLibrary (m:n) (via SupplierMgmt_ItemCategoryCertificatesToSupplierMgmt_CertLibraryMapObject),SupplierMgmt_ItemCategoryCertificatesToSupplierMgmt_CertLibraryMapObject,True,,/GraphData/Items/653; Type edge in graph relation,Extracted (RelationData.Type=3 and m:n label)
Component,SupplierMgmt_ComponentObject,ItemHelper,ad1b228e-68c3-46a3-8d76-f72b3ecc9d29,Good/Service,SupplierMgmt_ItemObject,Record Object,0..* to 1..1,True,Components,2,cusSupplierMgmt_Component_fk_ItemHelperID,,True,,/GraphData/Items/124; Type edge in graph relation,Inferred (foreign-key start; lower bound extracted)
Supplier Item Revision,ProductMgmt_SupItemRevisionObject,ItemRevisions,353eeb39-ba31-4436-9f0f-e9d951f7bc7b,Item Revision,ProductMgmt_ItemRevisionObject,Record Object,0..* to 0..1,False,SuppItemRevs,2,cusProductMgmt_SupItemRevision_fk_ItemRevisionsID,,True,,/GraphData/Items/343; Type edge in graph relation,Inferred (foreign-key start; lower bound extracted)
Certification Requirement,SupplierMgmt_CertRequirementObject,LastAuditHist,81b77c2b-6778-4f90-b2e7-003079862de1,Audit History,SupplierMgmt_AuditHistoryObject,Record Object,0..* to 0..1,False,,2,cusSupplierMgmt_CertRequirement_fk_LastAuditHistID,,True,,/GraphData/Items/431; Type edge in graph relation,Inferred (foreign-key start; lower bound extracted)
Supplier Abstract,SupplierMgmt_SupAbstractObject,LastEvaluation,6515ea34-f493-4144-9ad1-6c4e2a5b1ab3,Supplier Evaluation,SupplierMgmt_SupEvaluationObject,Record Object,0..* to 0..1,False,,2,cusSupplierMgmt_SupAbstract_fk_LastEvaluationID,,True,,/GraphData/Items/465; Type edge in graph relation,Inferred (foreign-key start; lower bound extracted)
Certification Category,SupplierMgmt_CertCategoryObject,ListCertificati,2696cdf2-2231-4608-9043-a82723163de9,Certification Category,SupplierMgmt_CertCategoryObject,Record Object,0..1 to 0..*,False,ParentCertifica,,,,False,2724,/GraphData/Items/671; Type edge in graph relation,Inferred from extracted inverse foreign-key field
Documentation Category,SupplierMgmt_DocCategoryObject,ListDocumentati,a42ccf16-f926-41d7-bbd3-d89d27423e0f,Documentation Category,SupplierMgmt_DocCategoryObject,Record Object,0..1 to 0..*,False,ParentDocumenta,2,cusSupplierMgmt_DocCategory_fk_ParentDocumentaID,,True,3001,/GraphData/Items/655; Type edge in graph relation,Inferred (foreign-key reverse collection; lower bound from inverse)
Geography,FragApplication_GeographyObject,ListGeography,2aa6f1b5-394b-48dd-ad9d-e5c89f6110a3,Geography,FragApplication_GeographyObject,Record Object,0..1 to 0..*,False,ParentGeography,,,,False,969,/GraphData/Items/243; Type edge in graph relation,Inferred from extracted inverse foreign-key field
Supplier Category,SupplierMgmt_SupCategoryObject,ListSupplierCa,4fad548b-0dfd-4fee-8e38-294c408bda0d,Supplier Category,SupplierMgmt_SupCategoryObject,Record Object,0..1 to 0..*,False,ParentSupplier,,,,False,211,/GraphData/Items/338; Type edge in graph relation,Inferred from extracted inverse foreign-key field
Certification Requirement,SupplierMgmt_CertRequirementObject,Location,5244c8d9-00ee-4e96-bba5-6d9065145827,Location,SysLocationEntity,Record Object,0..* to 1..1,True,SupplierMgmtCertRequirementObject,2,cusSupplierMgmt_CertRequirement_fk_LocationID,,True,,/GraphData/Items/52; Type edge in graph relation,Inferred (foreign-key start; lower bound extracted)
Public Profile,SupplierMgmt_PublicProfileObject,Location,c4761101-eb9a-4019-b14e-8e63cacf57e0,Location,SysLocationEntity,Record Object,0..* to 1..1,True,SupplierMgmtPublicProfileObject,2,cusSupplierMgmt_PublicProfile_fk_LocationID,,True,,/GraphData/Items/310; Type edge in graph relation,Inferred (foreign-key start; lower bound extracted)
Product Abstract,FragApplication_ProductObject,Location,7e1f58f2-1274-44a0-938f-3f150689278d,Location,SysLocationEntity,Record Object,0..* to 1..1,True,FragApplicationProductObject,2,cusFragApplication_Product_fk_LocationID,,True,,/GraphData/Items/311; Type edge in graph relation,Inferred (foreign-key start; lower bound extracted)
Documentation Requirement,SupplierMgmt_DocRequirementObject,Location,0b6ed0b0-8a62-44c7-9b05-7c8029dc5d95,Location,SysLocationEntity,Record Object,0..* to 1..1,True,SupplierMgmtDocRequirementObject,2,cusSupplierMgmt_DocRequirement_fk_LocationID,,True,,/GraphData/Items/455; Type edge in graph relation,Inferred (foreign-key start; lower bound extracted)
Supplier Abstract,SupplierMgmt_SupAbstractObject,Location,5788c4ba-b62e-439f-9389-2cbce0e48e6a,Location,SysLocationEntity,Record Object,0..* to 1..1,True,SupplierMgmtSupAbstractObject,2,cusSupplierMgmt_SupAbstract_fk_LocationID,,True,,/GraphData/Items/546; Type edge in graph relation,Inferred (foreign-key start; lower bound extracted)
Item Revision,ProductMgmt_ItemRevisionObject,Owner,163088d1-c73e-40ac-a25b-36e28f324cbe,Employee,SysEmployeeEntity,Record Object,0..* to 1..1,True,,2,cusProductMgmt_ItemRevision_fk_OwnerID,,True,,/GraphData/Items/386/GraphData/Items/31; Type edge in graph relation,Inferred (foreign-key start; lower bound extracted)
Certification Category,SupplierMgmt_CertCategoryObject,ParentCertifica,f50d343a-60d9-436b-98d4-4d8dfcc25857,Certification Category,SupplierMgmt_CertCategoryObject,Record Object,0..* to 0..1,False,ListCertificati,2,cusSupplierMgmt_CertCategory_fk_ParentCertificaID,,True,,/GraphData/Items/565; Type edge in graph relation,Inferred (foreign-key start; lower bound extracted)
Supplier Facility,SupplierMgmt_FacilityObject,ParentCompany,22a0255f-8f98-4f9f-abde-47fe70d9d0a7,Supplier Parent Company,SupplierMgmt_ParentCompnyObject,Record Object,0..1 to 0..*,True,Facilities,,,,False,1851,/GraphData/Items/649; Type edge in graph relation,Inferred from extracted inverse foreign-key field
Documentation Category,SupplierMgmt_DocCategoryObject,ParentDocumenta,549a0d99-6b7c-4dba-b67d-62cf1bbfa074,Documentation Category,SupplierMgmt_DocCategoryObject,Record Object,0..1 to 0..*,False,ListDocumentati,,,,False,2995,/GraphData/Items/657; Type edge in graph relation,Inferred from extracted inverse foreign-key field
Geography,FragApplication_GeographyObject,ParentGeography,d706451f-23f5-4a2b-b1c2-866d9a1f72c5,Geography,FragApplication_GeographyObject,Record Object,0..* to 0..1,False,ListGeography,2,cusFragApplication_Geography_fk_ParentGeographyID,,True,,/GraphData/Items/164; Type edge in graph relation,Inferred (foreign-key start; lower bound extracted)
Supplier Category,SupplierMgmt_SupCategoryObject,ParentSupplier,0563d452-fb2a-41cf-a019-a6abb20672ae,Supplier Category,SupplierMgmt_SupCategoryObject,Record Object,0..* to 0..1,False,ListSupplierCa,2,cusSupplierMgmt_SupCategory_fk_ParentSupplierID,,True,,/GraphData/Items/54; Type edge in graph relation,Inferred (foreign-key start; lower bound extracted)
Supplier Item Revision,ProductMgmt_SupItemRevisionObject,PersonResp,e080b590-c9d9-42b3-8a9e-eda3747c864a,Supplier Contact,SupplierMgmt_SupplierContactObject,Record Object,0..* to 0..1,False,,2,cusProductMgmt_SupItemRevision_fk_PersonRespID,,True,,/GraphData/Items/386/GraphData/Items/16; Type edge in graph relation,Inferred (foreign-key start; lower bound extracted)
Workflow Instance,SysWorkflowInstanceEntity,PersonResponsible,f50139e1-050f-4af7-9b08-2ea71d9f6d93,Subject,SysSubjectEntity,Record Object,0..* to 0..1,False,,2,sysWorkflowInstance_fk_PersonResponsibleID,,True,,/GraphData/Items/521; Type edge in graph relation,Inferred (foreign-key start; lower bound extracted)
Supplier Abstract,SupplierMgmt_SupAbstractObject,PersResponsible,2323c532-2ef7-45b4-b2e0-6599365226c1,Employee,SysEmployeeEntity,Record Object,0..* to 0..1,False,,2,cusSupplierMgmt_SupAbstract_fk_PersResponsibleID,,True,,/GraphData/Items/0/GraphData/Items/7; Type edge in graph relation,Inferred (foreign-key start; lower bound extracted)
Documentation Requirement,SupplierMgmt_DocRequirementObject,PersResponsible,bddce882-731e-4888-870a-481c14782e59,Supplier Contact,SupplierMgmt_SupplierContactObject,Record Object,0..* to 0..1,False,,2,cusSupplierMgmt_DocRequirement_fk_PersResponsibleID,,True,,/GraphData/Items/77/GraphData/Items/23; Type edge in graph relation,Inferred (foreign-key start; lower bound extracted)
Supplier Item Revision,ProductMgmt_SupItemRevisionObject,PrimarySupplier,59829a22-95c7-4c69-a673-d12d659e62e6,Supplier Item Status,ProductMgmt_SupplItemStatusObject,Record Object,0..* to 0..1,False,,2,cusProductMgmt_SupItemRevision_fk_PrimarySupplierID,,True,,/GraphData/Items/411; Type edge in graph relation,Inferred (foreign-key start; lower bound extracted)
Provisioned Good/Service,SupplierMgmt_SupplierItemObject,PublicProfile,edf5a09f-7d73-4499-8e60-61e66d4d00af,Public Profile,SupplierMgmt_PublicProfileObject,Record Object,0..* to 1..1,True,SupItems,2,cusSupplierMgmt_SupplierItem_fk_PublicProfileID,,True,,/GraphData/Items/121; Type edge in graph relation,Inferred (foreign-key start; lower bound extracted)
Component,SupplierMgmt_ComponentObject,PublicProfile,ee5e85f8-caaf-49d9-b8a3-f3b299518ef0,Public Profile,SupplierMgmt_PublicProfileObject,Record Object,0..* to 0..1,False,Components,2,cusSupplierMgmt_Component_fk_PublicProfileID,,True,,/GraphData/Items/127; Type edge in graph relation,Inferred (foreign-key start; lower bound extracted)
Supplier Abstract,SupplierMgmt_SupAbstractObject,PublicProfiles,0552ca6c-80d5-4f2d-93b2-f12f037773ef,Public Profile,SupplierMgmt_PublicProfileObject,Record Object,0..1 to 0..*,False,SupplierAbs,,,,False,1037,/GraphData/Items/222; Type edge in graph relation,Inferred from extracted inverse foreign-key field
Supplier Item Revision,ProductMgmt_SupItemRevisionObject,PublicProfiles,d6ca224f-1906-4987-a120-c7f3d44d7b30,Public Profile,SupplierMgmt_PublicProfileObject,Record Object,0..* to 0..*,False,,3,SupItemRevision - PublicProfile (m:n) (via ProductMgmt_SupItemRevisionPublicProfilesToSupplierMgmt_PublicProfileMapObject),ProductMgmt_SupItemRevisionPublicProfilesToSupplierMgmt_PublicProfileMapObject,True,,/GraphData/Items/401; Type edge in graph relation,Extracted (RelationData.Type=3 and m:n label)
Supplier Evaluation,SupplierMgmt_SupEvaluationObject,Rating,3bd36571-6003-46da-8568-dcc9db83fdd4,SupplierMgmt-Evaluation Rating,SupplierMgmt_EvalRatingObject,Lookup Object,0..* to 1..1,True,,2,cusSupplierMgmt_SupEvaluation_fk_RatingID,,True,,/GraphData/Items/131; Type edge in graph relation,Inferred (foreign-key start; lower bound extracted)
Component,SupplierMgmt_ComponentObject,Relationship,e81cb265-94fd-480f-a091-c4b58d4ff74e,Supplier Relationship,SupplierMgmt_SupRelationshipObject,Record Object,0..* to 0..1,False,CompontInvolved,2,cusSupplierMgmt_Component_fk_RelationshipID,,True,,/GraphData/Items/122; Type edge in graph relation,Inferred (foreign-key start; lower bound extracted)
Supplier Item Revision,ProductMgmt_SupItemRevisionObject,RemoveSupplier,28833b3e-59a7-4b4a-886c-747a75a8350b,Supplier Item Status,ProductMgmt_SupplItemStatusObject,Record Object,0..* to 0..1,False,,2,cusProductMgmt_SupItemRevision_fk_RemoveSupplierID,,True,,/GraphData/Items/91; Type edge in graph relation,Inferred (foreign-key start; lower bound extracted)
Documentation Requirement,SupplierMgmt_DocRequirementObject,Responsibility,82137d25-4742-4b16-93e2-f8de3a3121bb,Supplier Contact Responsibilities,SupplierMgmt_SupConResponsibObject,Record Object,0..* to 0..1,False,,2,cusSupplierMgmt_DocRequirement_fk_ResponsibilityID,,True,,/GraphData/Items/165; Type edge in graph relation,Inferred (foreign-key start; lower bound extracted)
Certification Requirement,SupplierMgmt_CertRequirementObject,Responsibility,83ca5ef4-c59c-420b-b069-68f65e51c2b2,Supplier Contact Responsibilities,SupplierMgmt_SupConResponsibObject,Record Object,0..* to 0..1,False,,2,cusSupplierMgmt_CertRequirement_fk_ResponsibilityID,,True,,/GraphData/Items/598; Type edge in graph relation,Inferred (foreign-key start; lower bound extracted)
Documentation,SupplierMgmt_DocLibraryObject,Responsibility,adbc3ea7-d5fd-42a5-b89a-8c68d61014d9,Supplier Contact Responsibilities,SupplierMgmt_SupConResponsibObject,Record Object,0..* to 0..1,False,,2,cusSupplierMgmt_DocLibrary_fk_ResponsibilityID,,True,,/GraphData/Items/624; Type edge in graph relation,Inferred (foreign-key start; lower bound extracted)
Certification,SupplierMgmt_CertLibraryObject,Responsibility,d89bf64f-6eec-4b04-8c7d-b74ee51069c2,Supplier Contact Responsibilities,SupplierMgmt_SupConResponsibObject,Record Object,0..* to 0..1,False,,2,cusSupplierMgmt_CertLibrary_fk_ResponsibilityID,,True,,/GraphData/Items/686; Type edge in graph relation,Inferred (foreign-key start; lower bound extracted)
Supplier Contact,SupplierMgmt_SupplierContactObject,ResponsibleFor,6785695a-4c14-4ad9-9961-d16835e7ffd1,Supplier Contact Responsibilities,SupplierMgmt_SupConResponsibObject,Record Object,0..* to 0..*,False,SupContacts,,,,False,610,/GraphData/Items/535; Type edge in graph relation,Inferred from extracted inverse m:n field
Audit History,SupplierMgmt_AuditHistoryObject,Result,dbc82047-ebc5-454f-987b-143a41dd4d07,SupplierMgmt - AuditHistory_Result,SupplierMgmt_AuditHisResultObject,Lookup Object,0..* to 1..1,True,,2,cusSupplierMgmt_AuditHistory_fk_ResultID,,True,,/GraphData/Items/425; Type edge in graph relation,Inferred (foreign-key start; lower bound extracted)
Supplier Item Revision,ProductMgmt_SupItemRevisionObject,RevTypeObs,5e0fb345-be23-4b75-9eec-f06ce9bae006,Revision Type,ProductMgmt_RevisionTypeObject,Record Object,0..* to 0..1,False,,2,cusProductMgmt_SupItemRevision_fk_RevTypeObsID,,True,,/GraphData/Items/209; Type edge in graph relation,Inferred (foreign-key start; lower bound extracted)
Supplier Item Revision,ProductMgmt_SupItemRevisionObject,RevTypeReAct,b5247832-2afe-4afa-8fee-542019eeff57,Revision Type,ProductMgmt_RevisionTypeObject,Record Object,0..* to 0..1,False,,2,cusProductMgmt_SupItemRevision_fk_RevTypeReActID,,True,,/GraphData/Items/393; Type edge in graph relation,Inferred (foreign-key start; lower bound extracted)
Supplier Item Revision,ProductMgmt_SupItemRevisionObject,RevTypeReport,e94024c5-0a33-4bd7-99ac-0071169337ed,Revision Type,ProductMgmt_RevisionTypeObject,Record Object,0..* to 0..1,False,,2,cusProductMgmt_SupItemRevision_fk_RevTypeReportID,,True,,/GraphData/Items/384; Type edge in graph relation,Inferred (foreign-key start; lower bound extracted)
Supplier Abstract,SupplierMgmt_SupAbstractObject,SCARs,4f3aaa62-86a3-43cd-b6cb-b42fd8b7f7f6,SCAR,CAR_SCARObject,Record Object,1..1 to 0..*,False,Supplier,2,cusCAR_SCAR_fk_SupplierId,,True,3058,/GraphData/Items/478; Type edge in graph relation,Inferred (foreign-key reverse collection; lower bound from inverse)
Attribute Value,ProductMgmt_AttributeValueObject,SIRevHelper,98c58971-63f4-45d0-9a30-878c83cbf50d,Supplier Item Revision,ProductMgmt_SupItemRevisionObject,Record Object,0..* to 0..1,False,,2,cusProductMgmt_AttributeValue_fk_SIRevHelperID,,True,,/GraphData/Items/313; Type edge in graph relation,Inferred (foreign-key start; lower bound extracted)
Supplier Abstract,SupplierMgmt_SupAbstractObject,SupCategory,166c4dd6-e35f-450d-b1c6-83b5ba22d1f4,Supplier Category,SupplierMgmt_SupCategoryObject,Record Object,0..* to 1..1,True,,2,cusSupplierMgmt_SupAbstract_fk_SupCategoryID,,True,,/GraphData/Items/475; Type edge in graph relation,Inferred (foreign-key start; lower bound extracted)
Supplier Contact Responsibilities,SupplierMgmt_SupConResponsibObject,SupContacts,8945058f-e8dd-458f-9d55-9a8189a61449,Supplier Contact,SupplierMgmt_SupplierContactObject,Record Object,0..* to 0..*,False,ResponsibleFor,3,SupplierContact - SupConResponsib (m:n) (via SupplierMgmt_SupplierContactResponsibleForToSupplierMgmt_SupConResponsibMapObject),SupplierMgmt_SupplierContactResponsibleForToSupplierMgmt_SupConResponsibMapObject,True,,/GraphData/Items/137; Type edge in graph relation,Extracted (RelationData.Type=3 and m:n label)
Supplier Abstract,SupplierMgmt_SupAbstractObject,SupContacts,7d59b437-d53f-4ebd-b602-c050291c3798,Supplier Contact,SupplierMgmt_SupplierContactObject,Record Object,0..* to 0..*,False,Suppliers,3,SupplierContact - SupAbstract (m:n) (via SupplierMgmt_SupplierContactSuppliersToSupplierMgmt_SupAbstractMapObject),SupplierMgmt_SupplierContactSuppliersToSupplierMgmt_SupAbstractMapObject,True,,/GraphData/Items/230; Type edge in graph relation,Extracted (RelationData.Type=3 and m:n label)
Supplier Abstract,SupplierMgmt_SupAbstractObject,SupEvaluations,1a91d0f2-8dde-475c-bef1-df972d89caa7,Supplier Evaluation,SupplierMgmt_SupEvaluationObject,Record Object,0..1 to 0..*,False,SupplierAbs,,,,False,1585,/GraphData/Items/480; Type edge in graph relation,Inferred from extracted inverse foreign-key field
Facility Profile,SupplierMgmt_FacProfileObject,SupFacilities,17bf4036-7a80-400f-855e-0ff47566fdaa,Supplier Facility,SupplierMgmt_FacilityObject,Record Object,0..* to 0..*,False,FacProfiles,,,,False,254,/GraphData/Items/302; Type edge in graph relation,Inferred from extracted inverse m:n field
Component,SupplierMgmt_ComponentObject,SupItem,fa6f8775-91c7-486a-98dc-f40fd67d04c8,Provisioned Good/Service,SupplierMgmt_SupplierItemObject,Record Object,0..* to 0..1,False,Components,2,cusSupplierMgmt_Component_fk_SupItemID,,True,,/GraphData/Items/119; Type edge in graph relation,Inferred (foreign-key start; lower bound extracted)
Supplier Item Revision,ProductMgmt_SupItemRevisionObject,SupItemAttrVals,0394159b-73ee-44d1-8426-c7d989f0c2b5,Supplier Item Attribute Value,ProductMgmt_SupItemAttrValObject,Record Object,Unresolved,False,SupItemRevision,2,cusProductMgmt_SupItemAttrVal_fk_SupItemRevisionID,,True,,/GraphData/Items/105; Type edge in graph relation,Unresolved cardinality: inverse field is not exported
Component,SupplierMgmt_ComponentObject,SupItemPart,bfda75c3-72ee-46c5-851f-7d59045df0c7,Supplier Item Level N,SupplierMgmt_SupItemLevelNObject,Record Object,0..* to 0..1,False,IncludedIn,2,cusSupplierMgmt_Component_fk_SupItemPartID,,True,,/GraphData/Items/123; Type edge in graph relation,Inferred (foreign-key start; lower bound extracted)
Public Profile,SupplierMgmt_PublicProfileObject,SupItemRevision,7968a10b-60e6-476d-b430-74a380a79556,Supplier Item Revision,ProductMgmt_SupItemRevisionObject,Record Object,0..1 to 0..*,False,SuppClone,,,,False,988,/GraphData/Items/179; Type edge in graph relation,Inferred from extracted inverse foreign-key field
Public Profile,SupplierMgmt_PublicProfileObject,SupItems,0793eb95-203a-4b9c-b533-4d1153da10b3,Provisioned Good/Service,SupplierMgmt_SupplierItemObject,Record Object,1..1 to 0..*,False,PublicProfile,,,,False,557,/GraphData/Items/189; Type edge in graph relation,Inferred from extracted inverse foreign-key field
Supplier Item,ProductMgmt_SupplierItemObject,SupItemStatus,a23ed494-0285-42fb-b742-37f8b94e92cf,Product Management - Status,ProductMgmt_PMStatusObject,Record Object,0..* to 0..1,False,,2,cusProductMgmt_SupplierItem_fk_SupItemStatusID,,True,,/GraphData/Items/369; Type edge in graph relation,Inferred (foreign-key start; lower bound extracted)
Supplier Item Revision,ProductMgmt_SupItemRevisionObject,SuppClone,93bf1f93-07a9-4a4e-b7ef-00f065cac1e1,Public Profile,SupplierMgmt_PublicProfileObject,Record Object,0..1 to 0..*,False,SupItemRevision,2,cusSupplierMgmt_PublicProfile_fk_SupItemRevisionID,,True,1022,/GraphData/Items/171; Type edge in graph relation,Inferred (foreign-key reverse collection; lower bound from inverse)
Supplier Item,ProductMgmt_SupplierItemObject,SuppCurrentRev,183e239c-2f2a-44cf-8ffd-b76db28aab75,Supplier Item Revision,ProductMgmt_SupItemRevisionObject,Record Object,0..* to 0..1,False,,2,cusProductMgmt_SupplierItem_fk_SuppCurrentRevID,,True,,/GraphData/Items/39; Type edge in graph relation,Inferred (foreign-key start; lower bound extracted)
Supplier Item,ProductMgmt_SupplierItemObject,SuppItemRevs,064b26e4-4995-4908-8f1a-bbe9534f83d5,Supplier Item Revision,ProductMgmt_SupItemRevisionObject,Record Object,0..1 to 0..*,False,SupplierItem,,,,False,1075,/GraphData/Items/201; Type edge in graph relation,Inferred from extracted inverse foreign-key field
Supplier Item,ProductMgmt_SupplierItemObject,SupplieProfiles,2c980b42-db13-4009-a14d-7be632004ac3,Public Profile,SupplierMgmt_PublicProfileObject,Record Object,0..* to 0..*,False,,3,SupplierItem - PublicProfile (m:n) (via ProductMgmt_SupplierItemSupplieProfilesToSupplierMgmt_PublicProfileMapObject),ProductMgmt_SupplierItemSupplieProfilesToSupplierMgmt_PublicProfileMapObject,True,,/GraphData/Items/642; Type edge in graph relation,Extracted (RelationData.Type=3 and m:n label)
SCAR,CAR_SCARObject,Supplier,ecf80749-24e0-4c24-b450-42989790ace0,Supplier Abstract,SupplierMgmt_SupAbstractObject,Record Object,0..1 to 0..*,True,SCARs,,,,False,2412,/GraphData/Items/680; Type edge in graph relation,Inferred from extracted inverse foreign-key field
Documentation Requirement,SupplierMgmt_DocRequirementObject,SupplierAbs,e24ac8bd-4681-479d-99b7-1a5ad4165456,Supplier Abstract,SupplierMgmt_SupAbstractObject,Record Object,0..* to 1..1,True,DocReqs,2,cusSupplierMgmt_DocRequirement_fk_SupplierAbsID,,True,,/GraphData/Items/77/GraphData/Items/11; Type edge in graph relation,Inferred (foreign-key start; lower bound extracted)
Certification Requirement,SupplierMgmt_CertRequirementObject,SupplierAbs,91d0453f-0937-4a38-b829-c68891572eee,Supplier Abstract,SupplierMgmt_SupAbstractObject,Record Object,0..* to 1..1,True,CertReqs,2,cusSupplierMgmt_CertRequirement_fk_SupplierAbsID,,True,,/GraphData/Items/146/GraphData/Items/16; Type edge in graph relation,Inferred (foreign-key start; lower bound extracted)
Public Profile,SupplierMgmt_PublicProfileObject,SupplierAbs,71e963dd-ef37-4df7-b343-29fe540fc2c4,Supplier Abstract,SupplierMgmt_SupAbstractObject,Record Object,0..* to 0..1,False,PublicProfiles,2,cusSupplierMgmt_PublicProfile_fk_SupplierAbsID,,True,,/GraphData/Items/185; Type edge in graph relation,Inferred (foreign-key start; lower bound extracted)
Supplier Evaluation,SupplierMgmt_SupEvaluationObject,SupplierAbs,edcb77c5-fbc8-488a-a47a-6a36d9f55fbd,Supplier Abstract,SupplierMgmt_SupAbstractObject,Record Object,0..* to 0..1,False,SupEvaluations,2,cusSupplierMgmt_SupEvaluation_fk_SupplierAbsID,,True,,/GraphData/Items/326; Type edge in graph relation,Inferred (foreign-key start; lower bound extracted)
Supplier Item Revision,ProductMgmt_SupItemRevisionObject,SupplierItem,045874cc-4b72-4cc6-b229-32ecabdd692d,Supplier Item,ProductMgmt_SupplierItemObject,Record Object,0..* to 0..1,False,SuppItemRevs,2,cusProductMgmt_SupItemRevision_fk_SupplierItemID,,True,,/GraphData/Items/200; Type edge in graph relation,Inferred (foreign-key start; lower bound extracted)
Public Profile,SupplierMgmt_PublicProfileObject,SupplierItems,24666acb-8cb5-4066-a380-5c564cbfe44f,Supplier Item,ProductMgmt_SupplierItemObject,Record Object,1..1 to 0..*,False,CompPP,,,,False,502,/GraphData/Items/182; Type edge in graph relation,Inferred from extracted inverse foreign-key field
Product Abstract,FragApplication_ProductObject,Suppliers,457ac29b-7cd1-4c81-a34e-87c247370baa,Business Directory,FragApplication_BusineDirectoryObject,Record Object,0..* to 0..*,False,ProducAbstracts,3,Product - BusineDirectory (m:n) (via FragApplication_ProductSuppliersToFragApplication_BusineDirectoryMapObject),FragApplication_ProductSuppliersToFragApplication_BusineDirectoryMapObject,True,,/GraphData/Items/23; Type edge in graph relation,Extracted (RelationData.Type=3 and m:n label)
Public Profile,SupplierMgmt_PublicProfileObject,Suppliers,3fdd1bb3-e813-4b73-9266-24c56c5335f8,Supplier Relationship,SupplierMgmt_SupRelationshipObject,Record Object,Unresolved,False,Customer,2,cusSupplierMgmt_SupRelationship_fk_CustomerID,,True,,/GraphData/Items/192; Type edge in graph relation,Unresolved cardinality: inverse field is not exported
Geography,FragApplication_GeographyObject,Suppliers,c3f46173-7677-4e67-993a-5ae3cc909875,Supplier Abstract,SupplierMgmt_SupAbstractObject,Record Object,1..1 to 0..*,False,Geography,,,,False,508,/GraphData/Items/245; Type edge in graph relation,Inferred from extracted inverse foreign-key field
Supplier Contact,SupplierMgmt_SupplierContactObject,Suppliers,e3f678c0-ef8b-4fcc-b52a-3cd69785956b,Supplier Abstract,SupplierMgmt_SupAbstractObject,Record Object,0..* to 0..*,False,SupContacts,,,,False,1237,/GraphData/Items/528; Type edge in graph relation,Inferred from extracted inverse m:n field
Supplier Abstract,SupplierMgmt_SupAbstractObject,SupplierStatus,efe0a44e-d45f-4530-8cc3-9c3ab954890c,SupplierMgmt_Supplier Status,SupplierMgmt_SupplierStatusObject,Lookup Object,0..* to 1..1,True,,2,cusSupplierMgmt_SupAbstract_fk_SupplierStatusID,,True,,/GraphData/Items/476; Type edge in graph relation,Inferred (foreign-key start; lower bound extracted)
Public Profile,SupplierMgmt_PublicProfileObject,SupplierType,1c1c3914-de77-4243-a4bf-5d75edd12a67,SupplierMgmt_Supplier Type,SupplierMgmt_SupplierTypeObject,Lookup Object,0..* to 0..1,False,,2,cusSupplierMgmt_PublicProfile_fk_SupplierTypeID,,True,,/GraphData/Items/188; Type edge in graph relation,Inferred (foreign-key start; lower bound extracted)
Supplier Abstract,SupplierMgmt_SupAbstractObject,SupplierType,0d10c06d-bfcf-464c-a801-2e756c232f32,SupplierMgmt_Supplier Type,SupplierMgmt_SupplierTypeObject,Lookup Object,0..* to 0..1,False,,2,cusSupplierMgmt_SupAbstract_fk_SupplierTypeID,,True,,/GraphData/Items/473; Type edge in graph relation,Inferred (foreign-key start; lower bound extracted)
CAR Abstract,ComplyFramework_CARAbstractObject,TeamMembers,1c27780e-d455-4247-acde-789afd8f6731,Employee,SysEmployeeEntity,Record Object,0..* to 0..*,False,CARAbstracts,3,CARAbstract - Employee (m:n) (via ComplyFramework_CARAbstractTeamMembersToSetup_EmployeeMapObject),ComplyFramework_CARAbstractTeamMembersToSetup_EmployeeMapObject,True,,/GraphData/Items/462; Type edge in graph relation,Extracted (RelationData.Type=3 and m:n label)
Abstract Lookup Value,FragApplication_AbsLookupValueObject,TextColor,40902800-4d30-4164-966d-df78f5e5d9d1,Color,FragApplication_ColorObject,Record Object,0..* to 0..1,False,,2,cusFragApplication_AbsLookupValue_fk_TextColorID,,True,,/GraphData/Items/262; Type edge in graph relation,Inferred (foreign-key start; lower bound extracted)
Supplier Abstract,SupplierMgmt_SupAbstractObject,Workflow,375b65aa-38dd-43b6-ace4-905db9e2fc09,Workflow Instance,SysWorkflowInstanceEntity,Record Object,0..* to 0..1,False,,2,cusSupplierMgmt_SupAbstract_fk_WorkflowID,,True,,/GraphData/Items/36; Type edge in graph relation,Inferred (foreign-key start; lower bound extracted)
Supplier Item Revision,ProductMgmt_SupItemRevisionObject,Workflow,879833ce-c882-4d1e-b4b2-56b45e3e355f,Workflow Instance,SysWorkflowInstanceEntity,Record Object,0..* to 0..1,False,,2,cusProductMgmt_SupItemRevision_fk_WorkflowID,,True,,/GraphData/Items/50; Type edge in graph relation,Inferred (foreign-key start; lower bound extracted)
CAR Abstract,ComplyFramework_CARAbstractObject,Workflow,0dc458e1-e2ca-4d11-8a39-3216d2bba702,Workflow Instance,SysWorkflowInstanceEntity,Record Object,0..* to 0..1,False,,2,cusComplyFramework_CARAbstract_fk_WorkflowID,,True,,/GraphData/Items/367; Type edge in graph relation,Inferred (foreign-key start; lower bound extracted)
Certification Requirement,SupplierMgmt_CertRequirementObject,Workflow,4768b73b-5c14-4597-9b66-17c4ebabee4e,Workflow Instance,SysWorkflowInstanceEntity,Record Object,0..* to 0..1,False,,2,cusSupplierMgmt_CertRequirement_fk_WorkflowID,,True,,/GraphData/Items/432; Type edge in graph relation,Inferred (foreign-key start; lower bound extracted)
Documentation Requirement,SupplierMgmt_DocRequirementObject,Workflow,4e005c90-a447-4650-a36a-5c908870855b,Workflow Instance,SysWorkflowInstanceEntity,Record Object,0..* to 0..1,False,,2,cusSupplierMgmt_DocRequirement_fk_WorkflowID,,True,,/GraphData/Items/569; Type edge in graph relation,Inferred (foreign-key start; lower bound extracted)
